"Rank","Name","Networth","Age","Country","Source","Industry"
17,"Zhong Shanshan ","65.7 ",67,"China","beverages, pharmaceuticals","Food & Beverage "
25,"Zhang Yiming ","50 ",38,"China","TikTok","Media & Entertainment "
34,"Ma Huateng ","37.2 ",50,"China","internet media","Technology "
49,"He Xiangjian ","28.3 ",79,"China","home appliances","Manufacturing "
55,"William Lei Ding ","25.2 ",50,"China","online games","Technology "
56,"Wang Wei ","24.3 ",51,"China","package delivery","Service "
59,"Qin Yinglin ","24.1 ",56,"China","pig breeding","Food & Beverage "
62,"Li Shufu ","23.7 ",58,"China","automobiles","Automotive "
67,"Jack Ma ","22.8 ",57,"China","e-commerce","Technology "
79,"Huang Shilin ","20.3 ",55,"China","batteries","Automotive "
82,"Pang Kang ","19.6 ",66,"China","soy sauce","Food & Beverage "
83,"Wang Chuanfu ","19.5 ",56,"China","batteries, automobiles","Automotive "
85,"Yang Huiyan & family ","18.7 ",40,"China","real estate","Real Estate "
88,"Fan Hongwei & family ","18.2 ",55,"China","petrochemicals","Energy "
91,"Jiang Rensheng & family ","17.7 ",68,"China","vaccines","Healthcare "
91,"Wang Wenyin ","17.7 ",54,"China","mining, copper products","Metals & Mining "
99,"Sun Piaoyang ","17.1 ",63,"China","pharmaceuticals","Healthcare "
100,"Luo Liguo & family ","17 ",66,"China","chemicals","Manufacturing "
114,"Lu Xiangyang ","15.7 ",59,"China","automobiles, batteries","Automotive "
116,"Wei Jianjun & family ","15.5 ",58,"China","automobiles","Automotive "
119,"Wu Yajun ","15.3 ",58,"China","real estate","Real Estate "
126,"Dang Yanbao ","14.8 ",49,"China","coal","Metals & Mining "
134,"Liu Hanyuan ","13.65 ",58,"China","agribusiness","Food & Beverage "
138,"Liu Yongxing ","13.2 ",73,"China","diversified","Service "
138,"Wang Jianlin ","13.2 ",67,"China","real estate","Real Estate "
142,"Li Zhenguo & family ","12.9 ",54,"China","solar wafers and modules","Manufacturing "
144,"Zhang Zhidong ","12.8 ",50,"China","internet media","Technology "
146,"Chen Bang ","12.7 ",56,"China","hospitals","Healthcare "
150,"Pei Zhenhua ","12.5 ",63,"China","batteries","Energy "
154,"Lin Jianhua & family ","12.1 ",59,"China","solar panel components","Manufacturing "
163,"Lei Jun ","11.7 ",52,"China","smartphones","Technology "
173,"Colin Zheng Huang ","11.3 ",42,"China","e-commerce","Technology "
173,"Jin Baofang ","11.3 ",69,"China","solar panels","Energy "
179,"Xing Wang ","11 ",43,"China","e-commerce","Technology "
188,"Richard Liu ","10.5 ",48,"China","e-commerce","Technology "
192,"Shuirong Li ","10.3 ",65,"China","petrochemicals","Manufacturing "
197,"Yu Renrong ","10 ",56,"China","semiconductors","Manufacturing "
201,"Qi Shi & family ","9.9 ",52,"China","financial information","Technology "
206,"Wang Laisheng ","9.8 ",57,"China","electronics components","Technology "
214,"Wang Laichun ","9.5 ",54,"China","electronics components","Technology "
218,"Zheng Shuliang & family ","9.4 ",76,"China","aluminum products","Metals & Mining "
220,"Cao Renxian ","9.3 ",53,"China","photovoltaic equipment","Energy "
223,"Liu Yonghao & family ","9.1 ",70,"China","agribusiness","Service "
235,"Hui Ka Yan ","8.8 ",63,"China","real estate","Real Estate "
235,"Zong Qinghou ","8.8 ",76,"China","beverages","Food & Beverage "
241,"Cai Kui ","8.7 ",59,"China","real estate","Real Estate "
241,"Gao Jifan & family ","8.7 ",57,"China","solar equipment","Energy "
246,"Wang Liping & family ","8.6 ",56,"China","hydraulic machinery","Manufacturing "
254,"Liu Jincheng & family ","8.4 ",57,"China","lithium batteries","Technology "
254,"Ma Jianrong & family ","8.4 ",58,"China","textiles, apparel","Fashion & Retail "
275,"Yao Liangsong ","8.1 ",57,"China","furniture","Manufacturing "
275,"Zhong Huijuan ","8.1 ",61,"China","pharmaceuticals","Healthcare "
296,"Ding Shizhong & family ","7.8 ",51,"China","sports apparel","Fashion & Retail "
296,"Liang Wengen ","7.8 ",65,"China","construction equipment","Manufacturing "
304,"Ding Shijia ","7.7 ",58,"China","sports apparel","Fashion & Retail "
304,"Xu Shihui ","7.7 ",64,"China","snacks, beverages","Food & Beverage "
336,"Qian Dongqi & family ","7.1 ",64,"China","home-cleaning robots","Manufacturing "
343,"Deng Weiming & family ","7 ",53,"China","battery components","Manufacturing "
343,"Robin Li ","7 ",53,"China","internet search","Technology "
350,"Jiang Bin ","6.9 ",55,"China","acoustic components","Technology "
386,"Chen Jianhua ","6.5 ",51,"China","chemicals","Manufacturing "
386,"Ruan Hongliang & family ","6.5 ",61,"China","glass","Manufacturing "
398,"Cheng Xue ","6.4 ",52,"China","soy sauce","Food & Beverage "
398,"Jiang Weiping & family ","6.4 ",67,"China","chemicals","Manufacturing "
403,"Li Xiaohua & family ","6.3 ",60,"China","packaging","Manufacturing "
403,"Miao Hangen ","6.3 ",57,"China","textiles, petrochemicals","Diversified "
418,"Lin Li ","6.1 ",58,"China","investments","Finance & Investments "
418,"Zhao Yan ","6.1 ",55,"China","biotech","Diversified "
431,"Jian Jun ","5.9 ",58,"China","biomedical products","Healthcare "
460,"Tse Ping ","5.7 ",70,"China","pharmaceuticals","Healthcare "
471,"Xu Jinfu ","5.6 ",58,"China","chemicals","Manufacturing "
490,"Chen Zhiping ","5.4 ",46,"China","e-cigarettes","Manufacturing "
490,"Li Chunan ","5.4 ",53,"China","renewable energy","Manufacturing "
490,"Lin Muqin & family ","5.4 ",58,"China","beverages","Food & Beverage "
490,"Wang Wenjing ","5.4 ",57,"China","business software","Technology "
490,"Chris Xu ","5.4 ",38,"China","e-commerce","Fashion & Retail "
509,"Shen Guojun ","5.3 ",59,"China","retail","Fashion & Retail "
523,"Chen Fashu ","5.2 ",61,"China","investments","Finance & Investments "
523,"Li Liangbin ","5.2 ",54,"China","lithium","Manufacturing "
523,"Liang Feng ","5.2 ",53,"China","manufacturing","Manufacturing "
523,"You Xiaoping ","5.2 ",64,"China","chemicals, spandex","Manufacturing "
536,"Chan Laiwa & family ","5.1 ",81,"China","real estate","Real Estate "
536,"Wang Junshi & family ","5.1 ",73,"China","solar inverters","Manufacturing "
536,"Wang Yanqing & family ","5.1 ",55,"China","electrical equipment","Manufacturing "
552,"Wei Fang ","5 ",48,"China","steel","Manufacturing "
552,"Xiao Yongming & family ","5 ",57,"China","fertilizer","Diversified "
552,"Zhang Tao ","5 ",49,"China","e-commerce","Fashion & Retail "
586,"Hu Baifan ","4.8 ",59,"China","pharmaceuticals","Healthcare "
586,"Leng Youbin ","4.8 ",53,"China","infant formula","Food & Beverage "
586,"Frank Wang ","4.8 ",41,"China","drones","Technology "
586,"Wang Junlin ","4.8 ",59,"China","liquor","Food & Beverage "
586,"Yang Shaopeng ","4.8 ",64,"China","shipping","Logistics "
601,"Chu Mang Yee & family ","4.7 ",62,"China","real estate","Real Estate "
601,"Lai Meisong ","4.7 ",51,"China","package delivery","Logistics "
601,"Yu Yong ","4.7 ",61,"China","mining","Finance & Investments "
622,"Lin Xiucheng & family ","4.6 ",66,"China","electronics","Technology "
622,"Baoguo Zhu & family ","4.6 ",59,"China","pharmaceuticals","Healthcare "
637,"Guo Guangchang ","4.5 ",55,"China","conglomerate","Diversified "
637,"Xie Liangzhi & family ","4.5 ",56,"China","biotech","Healthcare "
637,"Zhang Hejun ","4.5 ",64,"China","electronics","Manufacturing "
654,"Huang Li ","4.4 ",58,"China","imaging systems","Technology "
654,"Lu Yiwen ","4.4 ",35,"China","Luxury goods","Fashion & Retail "
654,"Yang Jianliang & family ","4.4 ",52,"China","machinery","Manufacturing "
665,"Gao Dekang & family ","4.3 ",70,"China","apparel","Fashion & Retail "
665,"Jason Jiang ","4.3 ",49,"China","advertising","Media & Entertainment "
665,"Su Hua ","4.3 ",40,"China","video streaming","Media & Entertainment "
687,"Lee Yin Yee ","4.2 ",70,"China","glass","Manufacturing "
709,"Weiguo Li ","4.1 ",57,"China","construction materials","Manufacturing "
709,"Guanjiang Wu & family ","4.1 ",53,"China","pharmaceuticals","Healthcare "
728,"He Xiaopeng ","4 ",44,"China","electric vehicles","Automotive "
728,"Zhao Lixin ","4 ",56,"China","electronics","Technology "
764,"Li Xiang ","3.9 ",40,"China","electric vehicles","Automotive "
764,"Neil Shen ","3.9 ",54,"China","venture capital","Finance & Investments "
764,"Yiling Wu ","3.9 ",72,"China","pharmaceuticals","Healthcare "
764,"Gongshan Zhu ","3.9 ",64,"China","solar panel materials","Manufacturing "
778,"Zeng Fangqin ","3.8 ",56,"China","smartphone components","Technology "
778,"Zhou Bajin ","3.8 ",86,"China","auto parts","Manufacturing "
801,"Che Jianxing ","3.7 ",55,"China","furniture retailing","Fashion & Retail "
801,"Li Guoqiang ","3.7 ",58,"China","auto dealerships","Automotive "
801,"Shi Yonghong & family ","3.7 ",53,"China","restaurants","Food & Beverage "
801,"Wong Luen Hei ","3.7 ",60,"China","building materials","Manufacturing "
822,"Hu Kaijun ","3.6 ",60,"China","pharmaceuticals","Healthcare "
822,"Nan Cunhui ","3.6 ",58,"China","power equipment","Manufacturing "
822,"Shi Yuzhu ","3.6 ",59,"China","online games, investments","Diversified "
822,"Zuowen Song ","3.6 ",75,"China","aluminum, diversified","Diversified "
822,"Wu Shaoxun ","3.6 ",66,"China","wine","Food & Beverage "
822,"Wenzhong Zhang ","3.6 ",60,"China","supermarkets","Fashion & Retail "
851,"Chen Kaixuan ","3.5 ",63,"China","household chemicals","Manufacturing "
851,"Jiangtao Du & family ","3.5 ",52,"China","chemicals","Manufacturing "
851,"Yuhua Gu & family ","3.5 ",72,"China","furniture","Manufacturing "
851,"Li Yongxin & family ","3.5 ",46,"China","education","Service "
851,"Wang Zhenhua ","3.5 ",60,"China","real estate","Real Estate "
851,"Xia Zuoquan ","3.5 ",60,"China","automobiles, batteries","Automotive "
851,"Xue Hua ","3.5 ",52,"China","agribusiness","Manufacturing "
883,"Cheng Yixiao ","3.4 ",38,"China","video streaming app","Media & Entertainment "
883,"Fu Liquan & family ","3.4 ",54,"China","surveillance equipment","Technology "
883,"Tengyun Nie & family ","3.4 ",46,"China","logistics","Service "
883,"Qiu Guanghe & family ","3.4 ",70,"China","fashion retail","Fashion & Retail "
913,"An Kang ","3.3 ",73,"China","pharmaceuticals","Healthcare "
913,"Dongsheng Chen ","3.3 ",64,"China","insurance","Finance & Investments "
913,"Xuande Hua & family ","3.3 ",78,"China","pharmaceuticals","Healthcare "
913,"Yang Weidong & family ","3.3 ",53,"China","chemicals","Manufacturing "
913,"Zhang Shilong & family ","3.3 ",56,"China","semiconductor","Technology "
913,"Zhong Ruonong & family ","3.3 ",59,"China","electronics","Manufacturing "
951,"Dongchen Cai ","3.2 ",69,"China","pharmaceuticals","Healthcare "
951,"Kei Hoi Pang ","3.2 ",56,"China","real estate","Real Estate "
951,"Zhang Daocai ","3.2 ",72,"China","valves","Diversified "
984,"Gaiteng Li ","3.1 ",49,"China","hair dryers","Manufacturing "
984,"Liufa Li & family ","3.1 ",64,"China","steel, diversified","Diversified "
984,"Lu Weiding ","3.1 ",51,"China","diversified","Diversified "
984,"Yi Zheng ","3.1 ",51,"China","software","Technology "
984,"Zhang Fan ","3.1 ",56,"China","touch screens","Technology "
1012,"Li Min ","3 ",56,"China","semiconductor","Technology "
1012,"Liang Yunchao ","3 ",53,"China","nutritional supplements","Food & Beverage "
1012,"Pan Laican ","3 ",64,"China","soy sauce","Food & Beverage "
1012,"Ning Wang & family ","3 ",35,"China","toys","Media & Entertainment "
1012,"Wang Yusuo & family ","3 ",58,"China","natural gas distribution","Energy "
1012,"Zhigang Wu & family ","3 ",87,"China","bakery chain","Food & Beverage "
1012,"Xie Juhua & family ","3 ",71,"China","pharmaceuticals","Healthcare "
1012,"Zhang Lei ","3 ",49,"China","investments","Finance & Investments "
1012,"Zhang Xin & Pan Shiyi ","3 ",56,"China","real estate","Real Estate "
1012,"Zhu Yan & family ","3 ",64,"China","real estate","Real Estate "
1053,"Cao Longxiang & family ","2.9 ",64,"China","pharmaceuticals","Healthcare "
1053,"Deng Wen ","2.9 ",54,"China","flavorings","Food & Beverage "
1053,"Zhenda Huang & family ","2.9 ",74,"China","construction","Construction & Engineering "
1053,"Li Zhongchu ","2.9 ",58,"China","software","Technology "
1053,"Tang Jinkui & family ","2.9 ",66,"China","textiles, petrochemicals","Manufacturing "
1053,"Guangming Wu ","2.9 ",60,"China","medical equipment","Healthcare "
1053,"Kai Wu ","2.9 ",54,"China","batteries","Energy "
1053,"Ye Fan & family ","2.9 ",51,"China","auto dealerships","Automotive "
1053,"Fenggang Zhao ","2.9 ",56,"China","batteries","Energy "
1053,"Zheng Xiaodong ","2.9 ",58,"China","manufacturing","Manufacturing "
1053,"Zhou Jianping ","2.9 ",61,"China","fashion retail","Fashion & Retail "
1096,"Cao Ji ","2.8 ",70,"China","manufacturing","Manufacturing "
1096,"Hua Chen ","2.8 ",56,"China","real estate","Real Estate "
1096,"Dong Fan ","2.8 ",52,"China","medical devices","Healthcare "
1096,"Hong Jie ","2.8 ",54,"China","paint","Manufacturing "
1096,"Lai Jianping ","2.8 ",64,"China","soy sauce","Food & Beverage "
1096,"Sun Shoukuan ","2.8 ",72,"China","metals, coal","Manufacturing "
1096,"Xicheng Wang & family ","2.8 ",73,"China","tires","Manufacturing "
1096,"Xu Chuanhua & family ","2.8 ",87,"China","chemicals, logistics","Manufacturing "
1096,"Ye Xiaoping ","2.8 ",59,"China","pharmaceuticals","Healthcare "
1096,"Weiguo Zhao ","2.8 ",55,"China","IT products","Technology "
1163,"Jinxia Chen ","2.7 ",54,"China","investments","Finance & Investments "
1163,"Hailiang Feng ","2.7 ",61,"China","copper, education","Metals & Mining "
1163,"Xingjiang Gao ","2.7 ",58,"China","steel","Manufacturing "
1163,"Li Li ","2.7 ",56,"China","healthcare","Healthcare "
1163,"Yu Qibing & family ","2.7 ",56,"China","glass","Manufacturing "
1163,"Zhang Xuezheng ","2.7 ",46,"China","telecom","Technology "
1196,"Dong Wei ","2.6 ",51,"China","pharmaceuticals","Healthcare "
1196,"Li Hongxin & family ","2.6 ",69,"China","paper & related products","Manufacturing "
1196,"Liu Fangyi ","2.6 ",52,"China","medical equipment","Healthcare "
1196,"Lu Zhongfang ","2.6 ",79,"China","education","Automotive "
1196,"Wang Linpeng ","2.6 ",53,"China","furniture retailing","Construction & Engineering "
1196,"Xingming Zhu ","2.6 ",55,"China","electrical equipment","Manufacturing "
1238,"Chen Qiongxiang ","2.5 ",64,"China","batteries","Energy "
1238,"Hu Yangzhong ","2.5 ",57,"China","technology","Technology "
1238,"William Li ","2.5 ",47,"China","electric vehicles","Automotive "
1238,"Liu Xiaodong ","2.5 ",54,"China","flavorings","Manufacturing "
1238,"Enhua Mi ","2.5 ",64,"China","retail","Fashion & Retail "
1238,"Yongpei Ni & family ","2.5 ",70,"China","beverages","Food & Beverage "
1238,"Qiu Minxiu ","2.5 ",76,"China","semiconductors","Technology "
1238,"Wang Minwen ","2.5 ",58,"China","semiconductor","Technology "
1238,"Huijiao Yu ","2.5 ",56,"China","package delivery","Logistics "
1238,"Hongyi Zhou ","2.5 ",51,"China","security software","Technology "
1292,"Zhisong Chen ","2.4 ",56,"China","communication equipment","Technology "
1292,"Lam Kong ","2.4 ",57,"China","pharmaceuticals","Healthcare "
1292,"Liang Qin & family ","2.4 ",50,"China","semiconductor devices","Technology "
1292,"Zhang Hongwei ","2.4 ",67,"China","oil, banking","Diversified "
1292,"Zhang Li ","2.4 ",69,"China","real estate","Real Estate "
1341,"Houshan Bai ","2.3 ",58,"China","lithium battery","Energy "
1341,"Zhaobai Jiang ","2.3 ",58,"China","real estate","Real Estate "
1341,"Liang Rubo ","2.3 ",39,"China","TikTok","Technology "
1341,"Liang Zhaoxian ","2.3 ",57,"China","appliances","Manufacturing "
1341,"Qiu Jianping & family ","2.3 ",60,"China","hand tools","Manufacturing "
1341,"Wenrong Shen ","2.3 ",76,"China","steel production","Metals & Mining "
1341,"Guangxin Sun ","2.3 ",59,"China","diversified","Diversified "
1341,"Mengquan Sun & family ","2.3 ",72,"China","edible oil","Food & Beverage "
1341,"Yingming Wu ","2.3 ",55,"China","batteries","Energy "
1341,"Yingzhuo Xu ","2.3 ",54,"China","agribusiness","Food & Beverage "
1341,"Zhang Wanzhen ","2.3 ",72,"China","electronics components","Manufacturing "
1341,"Xiaojuan Zhang ","2.3 ",52,"China","logistics","Logistics "
1397,"Cen Junda ","2.2 ",57,"China","pharmaceuticals","Healthcare "
1397,"Zhenggang Dou ","2.2 ",68,"China","energy, chemicals","Diversified "
1397,"Weimin Du ","2.2 ",58,"China","vaccines","Healthcare "
1397,"Liang Xinjun ","2.2 ",54,"China","conglomerate","Diversified "
1397,"Lin Fanlian ","2.2 ",60,"China","energy, real estate","Energy "
1397,"Lin Lairong & family ","2.2 ",53,"China","iron ore mining","Metals & Mining "
1397,"Mu Rongjun ","2.2 ",42,"China","e-commerce","Technology "
1397,"Ming Tian ","2.2 ",68,"China","measuring instruments","Technology "
1397,"Xie Bingkun & family ","2.2 ",55,"China","pearlescent pigments","Fashion & Retail "
1397,"Zhou Jian ","2.2 ",45,"China","solar energy equipment","Energy "
1445,"Chen Huwen ","2.1 ",51,"China","stationery","Manufacturing "
1445,"Chen Huxiong ","2.1 ",51,"China","stationery","Manufacturing "
1445,"Chen Xuehua ","2.1 ",61,"China","nonferrous","Metals & Mining "
1445,"Fang Xiaoliang & family ","2.1 ",63,"China","biotech","Healthcare "
1445,"Hou Juncheng ","2.1 ",57,"China","cosmetics","Healthcare "
1445,"Lai Shixian ","2.1 ",47,"China","sports apparel","Fashion & Retail "
1445,"Yangyong Luo & family ","2.1 ",46,"China","mining","Metals & Mining "
1445,"Xiangdong Qi ","2.1 ",51,"China","software","Technology "
1445,"Jianhua Ren ","2.1 ",65,"China","kitchen appliances","Manufacturing "
1445,"Song Fei ","2.1 ",55,"China","machinery","Manufacturing "
1445,"Suyu Su & family ","2.1 ",73,"China","utilities, real estate","Real Estate "
1445,"Wang Wenmo ","2.1 ",65,"China","sports apparel","Fashion & Retail "
1445,"Wu Ying ","2.1 ",57,"China","materials","Manufacturing "
1445,"Xiang Guangming & family ","2.1 ",58,"China","waste disposal","Manufacturing "
1445,"Xu Shugen ","2.1 ",56,"China","construction, mining machinery","Manufacturing "
1445,"Steven Meng Yang & family ","2.1 ",39,"China","electronics","Technology "
1445,"Hongfei Zhao ","2.1 ",47,"China","software","Technology "
1513,"Cao Jianwei ","2 ",43,"China","semiconductors","Manufacturing "
1513,"Fu Mingkang & family ","2 ",59,"China","manufacturing","Manufacturing "
1513,"Ji Qi ","2 ",55,"China","hotels, motels","Real Estate "
1513,"Li Xuhui ","2 ",53,"China","soy sauce","Food & Beverage "
1513,"Ruan Shuilong & family ","2 ",86,"China","chemicals","Manufacturing "
1513,"Genhuo Shao ","2 ",56,"China","agribusiness","Food & Beverage "
1513,"Shen Xiqiang & family ","2 ",74,"China","chemical","Energy "
1513,"Wang Jianguo ","2 ",62,"China","retail","Fashion & Retail "
1513,"Shuifu Wang ","2 ",67,"China","Manufacturing","Manufacturing "
1513,"Wenbiao Wang ","2 ",65,"China","natural gas, fertilizers","Manufacturing "
1513,"Zhongyi Wu ","2 ",48,"China","electronics","Technology "
1513,"Zhihan Xu ","2 ",49,"China","electronics","Technology "
1513,"Yan Zhi ","2 ",49,"China","real estate","Real Estate "
1579,"Baokun Bai ","1.9 ",52,"China","hardware","Manufacturing "
1579,"Chen Kaichen ","1.9 ",64,"China","household chemicals","Manufacturing "
1579,"Guangming Fu & family ","1.9 ",68,"China","poultry","Food & Beverage "
1579,"He Zhenggang ","1.9 ",68,"China","chemicals","Manufacturing "
1579,"Huang Qiaoling ","1.9 ",63,"China","amusement parks","Media & Entertainment "
1579,"Lei Jufang ","1.9 ",69,"China","pharmaceuticals","Healthcare "
1579,"Melissa Ma ","1.9 ",64,"China","Internet search","Technology "
1579,"Shouliang Miao ","1.9 ",67,"China","real estate","Real Estate "
1579,"Benjamin Zhengmin Pan & family ","1.9 ",52,"China","electronics","Technology "
1579,"Qi Jinxing ","1.9 ",60,"China","real estate","Real Estate "
1579,"Shi Yifeng ","1.9 ",48,"China","medical cosmetics","Healthcare "
1579,"Sun Hongjun ","1.9 ",48,"China","semiconductors","Technology "
1579,"Sze Man Bok ","1.9 ",72,"China","hygiene products","Manufacturing "
1579,"Changtian Wang ","1.9 ",56,"China","TV, movie production","Media & Entertainment "
1579,"Wang Chaobin ","1.9 ",66,"China","real estate","Real Estate "
1579,"Wang Xiaoshen ","1.9 ",53,"China","lithium","Manufacturing "
1579,"Xue Xiangdong & family ","1.9 ",63,"China","software","Technology "
1579,"Yuan Fugen & family ","1.9 ",71,"China","metal processing","Manufacturing "
1645,"Chen Gang ","1.8 ",54,"China","solar energy","Energy "
1645,"Liying Chen ","1.8 ",46,"China","package delivery","Logistics "
1645,"Chen Xueli ","1.8 ",70,"China","pharmaceuticals","Healthcare "
1645,"Chi Yufeng ","1.8 ",51,"China","software","Technology "
1645,"Zhongru Gan ","1.8 ",73,"China","pharmaceuticals","Healthcare "
1645,"Chengzhong Hu ","1.8 ",61,"China","manufacturing","Manufacturing "
1645,"Huang Min ","1.8 ",48,"China","machinery","Manufacturing "
1645,"Hui Lin Chit ","1.8 ",68,"China","hygiene products","Manufacturing "
1645,"Liu Zhongtian & family ","1.8 ",58,"China","aluminum products","Manufacturing "
1645,"Charlwin Mao ","1.8 ",64,"China","e-commerce","Fashion & Retail "
1645,"Zugen Ni ","1.8 ",65,"China","appliances","Manufacturing "
1645,"Miranda Qu ","1.8 ",37,"China","e-commerce","Fashion & Retail "
1645,"Yuequn Tao ","1.8 ",62,"China","Contact Lens","Fashion & Retail "
1645,"Zhenghua Wang ","1.8 ",77,"China","budget airline","Service "
1645,"Wu Lanlan & family ","1.8 ",48,"China","packaging","Manufacturing "
1645,"Wu Yulan ","1.8 ",52,"China","pharmaceuticals","Healthcare "
1645,"Xu Shijun & family ","1.8 ",59,"China","manufacturing","Manufacturing "
1645,"Xu Xudong & family ","1.8 ",52,"China","auto parts","Automotive "
1645,"Yang Xuegang ","1.8 ",57,"China","coking","Manufacturing "
1645,"Zhang Chuanwei & family ","1.8 ",59,"China","machinery","Manufacturing "
1645,"Xuexin Zhang & family ","1.8 ",74,"China","aluminum","Metals & Mining "
1729,"Mingtong Cai ","1.7 ",70,"China","electronic components","Technology "
1729,"Dong Jinggui ","1.7 ",52,"China","electric scooters","Automotive "
1729,"He Zhaoxi ","1.7 ",48,"China","software","Technology "
1729,"Tianjiang Jia & family ","1.7 ",59,"China","non-ferrous metals","Metals & Mining "
1729,"Li Haiyan ","1.7 ",64,"China","restaurants","Food & Beverage "
1729,"Li Jianli ","1.7 ",49,"China","lithium-ion battery cap","Manufacturing "
1729,"Weiwei Li ","1.7 ",45,"China","online games","Technology "
1729,"Li Zhigang ","1.7 ",45,"China","machinery","Manufacturing "
1729,"Lu Di ","1.7 ",64,"China","drones","Technology "
1729,"Shang Xiaobo & family ","1.7 ",48,"China","Manufacturing","Manufacturing "
1729,"Shao Qinxiang ","1.7 ",67,"China","diversified","Manufacturing "
1729,"Weijie Sun ","1.7 ",58,"China","oilfield equipment","Manufacturing "
1729,"Mingwang Wang ","1.7 ",54,"China","electronics components","Manufacturing "
1729,"Wang Yanqing & family ","1.7 ",75,"China","carbon fiber products","Manufacturing "
1729,"Wu Xiangdong ","1.7 ",53,"China","consumer","Food & Beverage "
1729,"Yao Kuizhang ","1.7 ",57,"China","beverages","Food & Beverage "
1729,"Dasheng Yi ","1.7 ",61,"China","conglomerate","Diversified "
1729,"Yu Lili ","1.7 ",54,"China","electronic components","Manufacturing "
1729,"Kaitian Zeng ","1.7 ",47,"China","online games","Technology "
1729,"Zhang Jingzhang & family ","1.7 ",86,"China","precision machinery","Manufacturing "
1729,"Zhang Yubai ","1.7 ",57,"China","wine","Food & Beverage "
1729,"Zheng Hong & family ","1.7 ",71,"China","electronics","Technology "
1729,"Zhou Zongwen & family ","1.7 ",65,"China","jewelry","Fashion & Retail "
1729,"Zhu Yiming ","1.7 ",49,"China","semiconductors","Technology "
1729,"Zhaojiang Zhu ","1.7 ",48,"China","Smartphones","Manufacturing "
1818,"Chen Shibin ","1.6 ",55,"China","quartz products","Manufacturing "
1818,"Chen Tianshi ","1.6 ",37,"China","semiconductors","Technology "
1818,"Diao Zhizhong ","1.6 ",58,"China","software","Technology "
1818,"Gao Yunfeng ","1.6 ",55,"China","industrial lasers","Manufacturing "
1818,"Hu Kunhui ","1.6 ",31,"China","biotech","Healthcare "
1818,"Jin Lei & family ","1.6 ",67,"China","medical equipment","Healthcare "
1818,"David Xueling Li ","1.6 ",49,"China","live streaming service","Technology "
1818,"Li Denghai ","1.6 ",72,"China","seed production","Food & Beverage "
1818,"Li Guoqing ","1.6 ",52,"China","Petro Fibre","Manufacturing "
1818,"Li Jiaquan ","1.6 ",58,"China","chemicals","Manufacturing "
1818,"Li Rucheng ","1.6 ",70,"China","apparel","Fashion & Retail "
1818,"Li Yongqing ","1.6 ",57,"China","Petro Firbe","Manufacturing "
1818,"Liu Aisen & family ","1.6 ",49,"China","building materials","Construction & Engineering "
1818,"Lu Zongjun ","1.6 ",58,"China","logistics","Logistics "
1818,"Qian Ying ","1.6 ",56,"China","pig breeding","Food & Beverage "
1818,"Ren Jinsheng & family ","1.6 ",59,"China","pharmaceutical","Healthcare "
1818,"Lili Tan ","1.6 ",64,"China","feed","Food & Beverage "
1818,"Tung Ching Bor ","1.6 ",59,"China","manufacturing","Manufacturing "
1818,"Tung Ching Sai ","1.6 ",57,"China","manufacturing","Manufacturing "
1818,"Xu Guozhong & family ","1.6 ",58,"China","Motors","Manufacturing "
1818,"Xu Yuejuan ","1.6 ",60,"China","Petro Fibre","Manufacturing "
1818,"Yang Tingdong ","1.6 ",61,"China","brewery","Food & Beverage "
1818,"Zhang Jian ","1.6 ",53,"China","electric bikes, scooters","Manufacturing "
1818,"Keqiang Zhang ","1.6 ",61,"China","real estate","Real Estate "
1818,"Zheng Jianjiang & family ","1.6 ",61,"China","electrical equipment","Manufacturing "
1929,"Chen Baohua ","1.5 ",60,"China","pharmaceutical","Healthcare "
1929,"Xianbao Chen & family ","1.5 ",62,"China","food","Food & Beverage "
1929,"Wenjun Dai ","1.5 ",53,"China","food","Food & Beverage "
1929,"Feng Yuxia ","1.5 ",57,"China","pharmaceuticals","Healthcare "
1929,"Yi Gao & family ","1.5 ",53,"China","pharmaceuticals","Healthcare "
1929,"Geng Jianming ","1.5 ",59,"China","real estate","Real Estate "
1929,"Gu Wei ","1.5 ",57,"China","consumer electronics","Manufacturing "
1929,"He Zhiping ","1.5 ",58,"China","investments","Finance & Investments "
1929,"Huang Rulun ","1.5 ",70,"China","real estate","Real Estate "
1929,"Jin Lei ","1.5 ",56,"China","pharmaceuticals","Healthcare "
1929,"Jin Xin ","1.5 ",55,"China","manufacturing","Manufacturing "
1929,"Ke Xiping & family ","1.5 ",61,"China","investments","Diversified "
1929,"Ke Zunhong & family ","1.5 ",67,"China","pharmaceuticals","Healthcare "
1929,"Kong Jian Min ","1.5 ",54,"China","real estate","Real Estate "
1929,"Lai Jianfa ","1.5 ",52,"China","express delivery","Logistics "
1929,"Li Jinyang ","1.5 ",64,"China","mining","Metals & Mining "
1929,"Li Ming ","1.5 ",64,"China","investments","Finance & Investments "
1929,"Zhen Li & family ","1.5 ",58,"China","lithium batteries","Manufacturing "
1929,"Rongfu Lu ","1.5 ",51,"China","telecommunication","Telecom "
1929,"Mao Lixiang & family ","1.5 ",81,"China","cooking appliances","Technology "
1929,"Meng Qingshan & family ","1.5 ",73,"China","chemicals","Manufacturing "
1929,"Qin Long ","1.5 ",56,"China","tire","Manufacturing "
1929,"Tang Binsen ","1.5 ",39,"China","beverages","Food & Beverage "
1929,"Junjin Wang ","1.5 ",53,"China","airline","Service "
1929,"Wang Zelong ","1.5 ",25,"China","chemicals","Metals & Mining "
1929,"Xiong Wu ","1.5 ",46,"China","software","Technology "
1929,"Xu Wanmao ","1.5 ",77,"China","education","Service "
1929,"Xu Zhenhua ","1.5 ",64,"China","online games","Media & Entertainment "
1929,"Xue Jiping ","1.5 ",71,"China","cable","Telecom "
1929,"Yang Jian ","1.5 ",50,"China","real estate","Real Estate "
1929,"Justin Yuan ","1.5 ",64,"China","online games","Media & Entertainment "
1929,"Xinghai Zhang & family ","1.5 ",59,"China","machinery","Manufacturing "
1929,"Xuansong Zhang ","1.5 ",50,"China","supermarkets","Fashion & Retail "
1929,"Zhang Yin ","1.5 ",65,"China","paper manufacturing","Manufacturing "
1929,"Chengjian Zhou ","1.5 ",56,"China","fashion retail","Fashion & Retail "
2076,"Chen Tianqiao ","1.4 ",48,"China","online games","Technology "
2076,"Chen Wenyuan & family ","1.4 ",54,"China","testing equipment","Technology "
2076,"Deng Yingzhong ","1.4 ",71,"China","paper","Manufacturing "
2076,"Ding Shui Po ","1.4 ",51,"China","sneakers, sportswear","Fashion & Retail "
2076,"Du Shuanghua ","1.4 ",57,"China","steel","Manufacturing "
2076,"Fan Minhua ","1.4 ",60,"China","pharmaceuticals","Healthcare "
2076,"Hongbo Fang ","1.4 ",55,"China","home appliances","Manufacturing "
2076,"Huang Guanlin ","1.4 ",57,"China","textiles, apparel","Fashion & Retail "
2076,"Huang Xiaofen & family ","1.4 ",60,"China","printed circuit boards","Technology "
2076,"Yintai Jiang & family ","1.4 ",71,"China","auto parts","Automotive "
2076,"Li Li ","1.4 ",58,"China","pharmaceuticals","Healthcare "
2076,"Guangwei Liang ","1.4 ",58,"China","conglomerate","Manufacturing "
2076,"Zhongwu Mao ","1.4 ",59,"China","manufacturing","Manufacturing "
2076,"Shao Jianxiong ","1.4 ",64,"China","photovoltaics","Energy "
2076,"Sun Qinghuan ","1.4 ",48,"China","lighting","Technology "
2076,"Tong Jinquan ","1.4 ",67,"China","real estate","Real Estate "
2076,"Wang Fuji ","1.4 ",64,"China","pharmaceuticals","Healthcare "
2076,"Wang Jian ","1.4 ",68,"China","healthcare services","Technology "
2076,"Wei Lidong & family ","1.4 ",46,"China","software","Technology "
2076,"Bo Wu ","1.4 ",67,"China","machinery","Manufacturing "
2076,"Wu Xushun & family ","1.4 ",73,"China","internet","Diversified "
2076,"Wenbo Xiang ","1.4 ",59,"China","manufacturing","Manufacturing "
2076,"Swift Xie ","1.4 ",42,"China","drones","Technology "
2076,"Xu Bingzhong ","1.4 ",48,"China","bars","Food & Beverage "
2076,"Xu Shaochun ","1.4 ",59,"China","software","Technology "
2076,"Yan Junxu ","1.4 ",52,"China","Manufacturing","Manufacturing "
2190,"Chang Jing ","1.3 ",39,"China","technology","Technology "
2190,"Chen Shiliang ","1.3 ",58,"China","polyester","Manufacturing "
2190,"Yuantai Chen ","1.3 ",54,"China","batteries","Energy "
2190,"Cheng Xianfeng ","1.3 ",53,"China","pharmaceuticals","Healthcare "
2190,"Chu Jian ","1.3 ",59,"China","Manufacturing","Manufacturing "
2190,"Hang Hong ","1.3 ",54,"China","machinery","Manufacturing "
2190,"He Zuxun ","1.3 ",56,"China","pig breeding","Food & Beverage "
2190,"Hu Rongda & family ","1.3 ",63,"China","chemicals","Manufacturing "
2190,"Wei Huang ","1.3 ",62,"China","real estate","Real Estate "
2190,"Jiang Guiting & family ","1.3 ",63,"China","manufacturing","Manufacturing "
2190,"Fengluan Li ","1.3 ",60,"China","steel, diversified","Diversified "
2190,"Hua Li ","1.3 ",44,"China","financial services","Finance & Investments "
2190,"Li Ruiqiang ","1.3 ",42,"China","medical services","Healthcare "
2190,"Lin Zhijun ","1.3 ",46,"China","medical devices","Healthcare "
2190,"Lin Zhixiong & family ","1.3 ",48,"China","medical devices","Healthcare "
2190,"Liu Ming Hui ","1.3 ",59,"China","natural gas distribution","Energy "
2190,"Xuejing Liu & family ","1.3 ",71,"China","copper, poultry","Diversified "
2190,"Lu Yonghua & family ","1.3 ",58,"China","electronics","Technology "
2190,"Zhaoxi Lu ","1.3 ",53,"China","e-commerce","Technology "
2190,"Miao Yongjun ","1.3 ",54,"China","clinical diagnostics","Healthcare "
2190,"Pan Gang ","1.3 ",51,"China","dairy","Food & Beverage "
2190,"Wan Long ","1.3 ",81,"China","food","Food & Beverage "
2190,"Han Wang ","1.3 ",34,"China","airline","Diversified "
2190,"Wang Jianyi ","1.3 ",59,"China","fiber optic cables","Technology "
2190,"Wang Qinghua ","1.3 ",56,"China","electric equipment","Manufacturing "
2190,"Pengcheng Wen & family ","1.3 ",59,"China","agribusiness","Food & Beverage "
2190,"Gang Xu ","1.3 ",58,"China","Chemicals","Manufacturing "
2190,"Xu Jin ","1.3 ",57,"China","wine","Food & Beverage "
2190,"Ye Yanqiao ","1.3 ",52,"China","soy sauce","Food & Beverage "
2190,"Shengda Zan ","1.3 ",59,"China","diversified","Diversified "
2190,"Zeng Chaoyi ","1.3 ",53,"China","aluminum products","Manufacturing "
2190,"Zhang Guiping & family ","1.3 ",70,"China","real estate","Real Estate "
2190,"Peng Zhao ","1.3 ",51,"China","online recruitment","Service "
2190,"Zheng Zhiguo ","1.3 ",50,"China","drugs","Healthcare "
2190,"Zhou Mingjie ","1.3 ",64,"China","lighting installations","Technology "
2190,"Zhu Xingliang ","1.3 ",62,"China","construction","Construction & Engineering "
2190,"Zhu Yiwen & family ","1.3 ",64,"China","healthcare","Healthcare "
2190,"Zong Yanmin ","1.3 ",64,"China","Semiconductor materials","Manufacturing "
2324,"Cai Hongbin ","1.2 ",64,"China","pharmaceuticals","Healthcare "
2324,"Jiancheng Chen ","1.2 ",63,"China","manufacturing","Manufacturing "
2324,"Chen Xueling ","1.2 ",54,"China","stationery","Manufacturing "
2324,"Cheng Lili ","1.2 ",57,"China","poultry breeding","Food & Beverage "
2324,"Fan Zhaoxia & family ","1.2 ",54,"China","photovoltaic equipment","Energy "
2324,"Geng Diangen ","1.2 ",65,"China","Internet","Technology "
2324,"He Yamin & family ","1.2 ",65,"China","manufacturing","Manufacturing "
2324,"Hong Feng ","1.2 ",45,"China","smartphones","Technology "
2324,"Hu Kun ","1.2 ",52,"China","medical equipment","Healthcare "
2324,"Huang Hongyun & family ","1.2 ",55,"China","real estate","Real Estate "
2324,"Shanbing Huang & family ","1.2 ",65,"China","semiconductors","Technology "
2324,"Huang Wenbiao ","1.2 ",54,"China","soy sauce","Food & Beverage "
2324,"Hongjing Li ","1.2 ",54,"China","auto parts","Automotive "
2324,"Li Wanqiang ","1.2 ",44,"China","smartphones","Technology "
2324,"Lu Hongyan ","1.2 ",44,"China","online games","Media & Entertainment "
2324,"Dalong Lv ","1.2 ",60,"China","telecom services","Telecom "
2324,"Shum Chiu Hung & family ","1.2 ",52,"China","real estate","Real Estate "
2324,"Sun Huaiqing & family ","1.2 ",52,"China","cosmetics","Fashion & Retail "
2324,"Jianfeng Wang & family ","1.2 ",52,"China","auto parts","Automotive "
2324,"Wang Jilei ","1.2 ",57,"China","logistics","Logistics "
2324,"Wang Junmin ","1.2 ",53,"China","pharmaceuticals","Healthcare "
2324,"Wang Kunxiao ","1.2 ",52,"China","oilfield equipment","Manufacturing "
2324,"Wang Zhentao & family ","1.2 ",56,"China","vaccine & shoes","Healthcare "
2324,"Weng Xianding ","1.2 ",60,"China","medical devices","Healthcare "
2324,"Wu Peifu & family ","1.2 ",60,"China","plastic","Manufacturing "
2324,"Xiu Laigui ","1.2 ",67,"China","pharmaceuticals","Healthcare "
2324,"Faxiang Yu ","1.2 ",50,"China","tourism, cultural industry","Media & Entertainment "
2324,"Zeng Chaolin ","1.2 ",39,"China","Aluminium","Metals & Mining "
2324,"Zhang Tianyu ","1.2 ",54,"China","telecommunications","Telecom "
2324,"Shusheng Zheng ","1.2 ",56,"China","telecom","Telecom "
2448,"Kejian Cao ","1.1 ",59,"China","air compressors","Manufacturing "
2448,"Dai Lizhong ","1.1 ",53,"China","medical testing","Healthcare "
2448,"Guan Yihong ","1.1 ",52,"China","restaurant","Food & Beverage "
2448,"Huang Xu ","1.1 ",54,"China","semiconductor","Technology "
2448,"Long Jiang ","1.1 ",48,"China","Manufacturing","Technology "
2448,"Jiang Xuefei & family ","1.1 ",52,"China","printed circuit boards","Technology "
2448,"Ke Guihua ","1.1 ",56,"China","auto parts","Manufacturing "
2448,"Li Tan ","1.1 ",57,"China","pharmaceuticals","Healthcare "
2448,"Li Wenmei & family ","1.1 ",59,"China","medical equipment","Healthcare "
2448,"Lin Jie & family ","1.1 ",53,"China","pharmaceuticals","Healthcare "
2448,"Liu Chengyu & family ","1.1 ",59,"China","power supply equipment","Manufacturing "
2448,"Lun Ruixiang & family ","1.1 ",54,"China","real estate","Real Estate "
2448,"Lv Yongxiang ","1.1 ",72,"China","magnetic switches","Manufacturing "
2448,"Ma Xiuhui ","1.1 ",51,"China","LED lighting","Manufacturing "
2448,"Pu Zhongjie & family ","1.1 ",59,"China","medical equipment","Healthcare "
2448,"Qian Xiaojun ","1.1 ",47,"China","IT","Technology "
2448,"Shao Zengming ","1.1 ",64,"China","diamonds","Manufacturing "
2448,"Xiuguo Tang ","1.1 ",58,"China","manufacturing","Manufacturing "
2448,"Wang Linxiang ","1.1 ",64,"China","cashmere","Fashion & Retail "
2448,"Wang Shumin ","1.1 ",65,"China","manufacturing","Manufacturing "
2448,"Chaoqun Wu ","1.1 ",52,"China","chemicals","Manufacturing "
2448,"Wu Yonghua ","1.1 ",51,"China","apparel","Fashion & Retail "
2448,"Wu Zhenxing ","1.1 ",52,"China","soy sauce","Food & Beverage "
2448,"Xia Xinde ","1.1 ",57,"China","batteries","Manufacturing "
2448,"Xiong Jun & family ","1.1 ",48,"China","pharmaceuticals","Healthcare "
2448,"Jane Yan & family ","1.1 ",52,"China","software","Technology "
2448,"Yang Erzhu ","1.1 ",71,"China","real estate","Real Estate "
2448,"Yi Xianzhong & family ","1.1 ",62,"China","pharmaceuticals","Healthcare "
2448,"Yu Rong ","1.1 ",50,"China","health clinics","Healthcare "
2448,"Zeng Weixiong ","1.1 ",64,"China","healthcare","Healthcare "
2448,"Zhang Cheng Fei ","1.1 ",54,"China","paper & related products","Manufacturing "
2448,"Zhang Fangliang ","1.1 ",57,"China","biotechnology","Healthcare "
2448,"Baoshen Zhong ","1.1 ",54,"China","solar energy","Energy "
2448,"Zhou Minghua ","1.1 ",58,"China","pharmaceutical","Healthcare "
2578,"Fu Gang ","1 ",51,"China","pharma retailing","Healthcare "
