"Rank","Name","Networth","Age","Country","Source","Industry"
28,"Dieter Schwarz ","47.1 ",82,"Germany","retail","Fashion & Retail "
33,"Klaus-Michael Kuehne ","37.3 ",84,"Germany","shipping","Logistics "
35,"Beate Heister & Karl Albrecht Jr. & family ","36.8 ",64,"Germany","supermarkets","Fashion & Retail "
56,"Susanne Klatten ","24.3 ",59,"Germany","BMW, pharmaceuticals","Automotive "
77,"Stefan Quandt ","20.7 ",55,"Germany","BMW","Automotive "
84,"Reinhold Wuerth & family ","19 ",86,"Germany","fasteners","Manufacturing "
85,"Theo Albrecht, Jr. & family ","18.7 ",71,"Germany","Aldi, Trader Joe's","Fashion & Retail "
158,"Andreas Struengmann & family ","11.9 ",72,"Germany","pharmaceuticals","Healthcare "
158,"Thomas Struengmann & family ","11.9 ",72,"Germany","pharmaceuticals","Healthcare "
180,"Alexander Otto ","10.9 ",54,"Germany","real estate","Real Estate "
201,"Andreas von Bechtolsheim & family ","9.9 ",66,"Germany","Google","Technology "
230,"Friedhelm Loh ","8.9 ",75,"Germany","manufacturing","Manufacturing "
230,"Michael Otto ","8.9 ",78,"Germany","retail, real estate","Fashion & Retail "
254,"Francine von Finck & family ","8.4 ",64,"Germany","investments","Finance & Investments "
275,"Georg Schaeffler ","8.1 ",57,"Germany","auto parts","Automotive "
288,"Hasso Plattner & family ","7.9 ",78,"Germany","software","Technology "
350,"Horst Julius Pudwill ","6.9 ",77,"Germany","manufacturing","Manufacturing "
386,"Axel Oberwelland & siblings ","6.5 ",55,"Germany","candy","Food & Beverage "
398,"Juergen Blickle ","6.4 ",75,"Germany","auto parts","Manufacturing "
438,"Ludwig Merckle ","5.8 ",57,"Germany","pharmaceuticals","Finance & Investments "
438,"Wolfgang Reimann ","5.8 ",69,"Germany","consumer goods","Fashion & Retail "
438,"Matthias Reimann-Andersen ","5.8 ",57,"Germany","consumer goods","Fashion & Retail "
438,"Stefan Reimann-Andersen ","5.8 ",58,"Germany","consumer goods","Fashion & Retail "
438,"Renate Reimann-Haas ","5.8 ",70,"Germany","consumer goods","Fashion & Retail "
438,"Aloys Wobben ","5.8 ",70,"Germany","wind turbines","Energy "
460,"Rainer Blickle ","5.7 ",74,"Germany","auto parts","Manufacturing "
471,"Erich Wesjohann & family ","5.6 ",76,"Germany","poultry genetics","Food & Beverage "
509,"Dietmar Hopp & family ","5.3 ",81,"Germany","software","Technology "
509,"Ugur Sahin ","5.3 ",56,"Germany","biotechnology","Healthcare "
523,"Wolfgang Marguerre & family ","5.2 ",80,"Germany","pharmaceuticals","Healthcare "
552,"Maximilian Viessmann ","5 ",64,"Germany","heating, cooling equipment","Manufacturing "
579,"Alexandra Schoerghuber & family ","4.9 ",63,"Germany","real estate","Real Estate "
586,"Theo Mueller ","4.8 ",82,"Germany","dairy","Food & Beverage "
601,"Guenther Fielmann & family ","4.7 ",82,"Germany","optometry","Healthcare "
654,"Christian Haub ","4.4 ",57,"Germany","retail","Fashion & Retail "
665,"Walter P.J. Droege ","4.3 ",69,"Germany","investing","Finance & Investments "
687,"Bernard Broermann ","4.2 ",78,"Germany","hospitals","Healthcare "
687,"Traudl Engelhorn & family ","4.2 ",95,"Germany","pharmaceuticals, medical equipment","Healthcare "
728,"Paul Gauselmann & family ","4 ",87,"Germany","gambling","Gambling & Casinos "
728,"Michael Herz ","4 ",78,"Germany","coffee","Fashion & Retail "
728,"Wolfgang Herz ","4 ",71,"Germany","coffee","Fashion & Retail "
728,"Georg Nemetschek & family ","4 ",88,"Germany","software","Technology "
728,"Udo & Harald Tschira ","4 ",64,"Germany","software","Technology "
764,"Hubert Burda ","3.9 ",82,"Germany","publishing","Media & Entertainment "
778,"Katharina Otto-Bernstein ","3.8 ",58,"Germany","real estate","Real Estate "
778,"Paul-Heinz Wesjohann & family ","3.8 ",78,"Germany","chicken processing","Food & Beverage "
801,"Friedrich Knapp ","3.7 ",70,"Germany","fashion retail","Fashion & Retail "
822,"Julia Thiele-Schuerhoff ","3.6 ",50,"Germany","brakes, investments","Manufacturing "
851,"Maren Otto ","3.5 ",64,"Germany","retail, real estate","Diversified "
851,"Friede Springer ","3.5 ",79,"Germany","publishing","Media & Entertainment "
913,"Ralph Dommermuth ","3.3 ",58,"Germany","internet service provider","Technology "
913,"Alfred Oetker ","3.3 ",55,"Germany","consumer goods","Fashion & Retail "
913,"Carl Ferdinand Oetker ","3.3 ",49,"Germany","consumer goods","Fashion & Retail "
913,"Julia Oetker ","3.3 ",43,"Germany","consumer goods","Fashion & Retail "
913,"Stefan von Holtzbrinck ","3.3 ",58,"Germany","publishing","Media & Entertainment "
984,"Otto Happel ","3.1 ",74,"Germany","engineering","Construction & Engineering "
984,"Klaus-Peter Schulenberg ","3.1 ",70,"Germany","ticketing service","Service "
1012,"Gudrun Heine ","3 ",67,"Germany","medical devices","Healthcare "
1012,"Sybill Storz ","3 ",84,"Germany","medical devices","Healthcare "
1053,"Wilhelm Beier & family ","2.9 ",65,"Germany","pharmaceuticals","Healthcare "
1053,"Benjamin Otto ","2.9 ",64,"Germany","retail","Fashion & Retail "
1096,"Otto Philipp Braun ","2.8 ",44,"Germany","medical technology","Healthcare "
1096,"Anna Katharina Viessmann ","2.8 ",64,"Germany","heating and cooling equipment","Manufacturing "
1163,"Yvonne Bauer ","2.7 ",45,"Germany","magazines, media","Media & Entertainment "
1196,"Hans Georg Naeder ","2.6 ",60,"Germany","prosthetics","Manufacturing "
1238,"Ulrike Baro ","2.5 ",64,"Germany","biopharmaceuticals","Healthcare "
1238,"Karin Sartorius-Herbst ","2.5 ",64,"Germany","biopharmaceuticals","Healthcare "
1238,"Christiane Schoeller ","2.5 ",64,"Germany","publishing","Media & Entertainment "
1238,"Nadia Thiele ","2.5 ",46,"Germany","investments","Finance & Investments "
1292,"Hans Langer ","2.4 ",70,"Germany","3D printing","Manufacturing "
1292,"Kevin David Lehmann ","2.4 ",19,"Germany","drugstores","Fashion & Retail "
1292,"Peter Unger ","2.4 ",77,"Germany","auto repair","Automotive "
1341,"Hans-Werner Hector ","2.3 ",82,"Germany","SAP","Technology "
1341,"Erwin Franz Mueller ","2.3 ",89,"Germany","drugstores","Fashion & Retail "
1341,"Dirk Rossmann & family ","2.3 ",75,"Germany","drugstores","Fashion & Retail "
1341,"Karin Schick ","2.3 ",64,"Germany","information technology","Technology "
1397,"Georg Haub ","2.2 ",60,"Germany","retail","Fashion & Retail "
1397,"Torsten Toeller ","2.2 ",55,"Germany","pet food","Fashion & Retail "
1513,"Maria-Elisabeth Schaeffler-Thumann ","2 ",80,"Germany","auto parts","Automotive "
1513,"Sylvia Stroeher ","2 ",66,"Germany","cosmetics","Fashion & Retail "
1579,"Martin Viessmann ","1.9 ",68,"Germany","heating and cooling equipment","Manufacturing "
1645,"Peter Leibinger ","1.8 ",55,"Germany","machine tools","Manufacturing "
1645,"Regine Leibinger ","1.8 ",59,"Germany","machine tools","Manufacturing "
1645,"Nicola Leibinger-Kammueller ","1.8 ",62,"Germany","manufacturing","Manufacturing "
1645,"Robert Toennies ","1.8 ",43,"Germany","meat processing","Food & Beverage "
1729,"Alex Birkenstock ","1.7 ",53,"Germany","shoes","Fashion & Retail "
1729,"Christian Birkenstock ","1.7 ",49,"Germany","shoes","Fashion & Retail "
1729,"Josef Boquoi & family ","1.7 ",88,"Germany","frozen foods","Food & Beverage "
1729,"Rolf Gerling ","1.7 ",67,"Germany","insurance","Finance & Investments "
1729,"Dieter Schnabel ","1.7 ",76,"Germany","chemicals","Manufacturing "
1729,"Renate Sick-Glaser ","1.7 ",64,"Germany","sensor technology","Technology "
1818,"Sebastian Glaser ","1.6 ",64,"Germany","sensor technology","Technology "
1818,"Lutz Mario Helmig ","1.6 ",75,"Germany","hospitals","Healthcare "
1818,"Clemens Toennies ","1.6 ",65,"Germany","meat processing","Food & Beverage "
1929,"Joachim Ante ","1.5 ",39,"Germany","game software","Technology "
1929,"Bernhard Braun-Luedicke ","1.5 ",45,"Germany","medical technology","Healthcare "
1929,"Eva Maria Braun-Luedicke ","1.5 ",35,"Germany","medical technology","Healthcare "
1929,"Mathias Doepfner ","1.5 ",59,"Germany","media","Media & Entertainment "
1929,"Fritz Draexlmaier ","1.5 ",64,"Germany","auto parts","Automotive "
1929,"Andreas Pohl ","1.5 ",57,"Germany","mutual funds","Finance & Investments "
1929,"Reinfried Pohl, Jr. ","1.5 ",62,"Germany","mutual funds","Finance & Investments "
2076,"Thomas Bruch ","1.4 ",71,"Germany","retail","Fashion & Retail "
2076,"Christoph Henkel ","1.4 ",64,"Germany","consumer goods","Fashion & Retail "
2076,"Christine Knauf ","1.4 ",64,"Germany","building materials","Manufacturing "
2076,"Karl Knauf ","1.4 ",64,"Germany","building materials","Manufacturing "
2076,"Kurt Krieger ","1.4 ",74,"Germany","furniture retailing","Fashion & Retail "
2190,"Anna Maria Braun ","1.3 ",43,"Germany","medical technology","Healthcare "
2190,"Alexander Sixt ","1.3 ",42,"Germany","car rentals","Automotive "
2190,"Konstantin Sixt ","1.3 ",39,"Germany","car rentals","Automotive "
2324,"Christian Angermayer ","1.2 ",43,"Germany","investments","Finance & Investments "
2324,"Ludwig Theodor Braun ","1.2 ",32,"Germany","medical technology","Healthcare "
2324,"Friederike Braun-Luedicke ","1.2 ",38,"Germany","medical technology","Healthcare "
2324,"Bernd Freier ","1.2 ",65,"Germany","fashion retail","Fashion & Retail "
2324,"Hedda im Brahm-Droege ","1.2 ",67,"Germany","investments","Finance & Investments "
2324,"Carsten Koerl ","1.2 ",57,"Germany","sports data","Sports "
2324,"Carsten Maschmeyer ","1.2 ",62,"Germany","finance services","Finance & Investments "
2324,"Horst Wortmann ","1.2 ",80,"Germany","footwear","Fashion & Retail "
2448,"Wolfgang Egger ","1.1 ",56,"Germany","real estate","Real Estate "
2448,"Christian Herz ","1.1 ",64,"Germany","coffee","Finance & Investments "
2448,"Michaela Herz ","1.1 ",64,"Germany","coffee","Finance & Investments "
2448,"Alexander Knauf ","1.1 ",47,"Germany","building materials","Manufacturing "
2448,"Martin Knauf ","1.1 ",64,"Germany","building materials","Manufacturing "
2448,"Robert Knauf ","1.1 ",64,"Germany","building materials","Manufacturing "
2448,"Gabriella Meister ","1.1 ",64,"Germany","appliances","Manufacturing "
2448,"Ulrike Meister ","1.1 ",55,"Germany","appliances","Manufacturing "
2448,"Dirk Stroeer ","1.1 ",53,"Germany","advertising","Media & Entertainment "
2448,"Franziska Wuerbser ","1.1 ",34,"Germany","kitchen appliances","Manufacturing "
2578,"Johanna Braun ","1 ",42,"Germany","medical technology","Healthcare "
2578,"Karl Friedrich Braun ","1 ",39,"Germany","medical technology","Healthcare "
2578,"Horst-Otto Gerberding ","1 ",69,"Germany","flavors and fragrances","Food & Beverage "
