"Rank","Name","Networth","Age","Country","Source","Industry"
94,"Li Xiting ","17.6 ",71,"Singapore","medical devices","Healthcare "
133,"Robert & Philip Ng ","13.7 ",64,"Singapore","real estate","Real Estate "
154,"Goh Cheng Liang ","12.1 ",94,"Singapore","paints","Manufacturing "
330,"Wee Cho Yaw ","7.2 ",93,"Singapore","banking","Finance & Investments "
480,"Kwee brothers ","5.5 ",64,"Singapore","Real Estate","Real Estate "
509,"Forrest Li ","5.3 ",44,"Singapore","gaming","Media & Entertainment "
509,"Zhang Yong ","5.3 ",51,"Singapore","restaurants","Food & Beverage "
622,"Jason Chang ","4.6 ",77,"Singapore","electronics","Technology "
851,"Kuok Khoon Hong ","3.5 ",72,"Singapore","palm oil","Manufacturing "
984,"Gang Ye ","3.1 ",41,"Singapore","gaming","Media & Entertainment "
1096,"Kwek Leng Beng ","2.8 ",81,"Singapore","diversified","Diversified "
1196,"Raj Kumar & Kishin RK ","2.6 ",67,"Singapore","real estate","Real Estate "
1238,"Zhao Tao ","2.5 ",56,"Singapore","pharmaceuticals","Healthcare "
1292,"Choo Chong Ngen ","2.4 ",68,"Singapore","hotels","Real Estate "
1292,"Peter Lim ","2.4 ",68,"Singapore","investments","Finance & Investments "
1445,"Kwek Leng Kee ","2.1 ",67,"Singapore","diversified","Diversified "
1579,"Oei Hong Leong ","1.9 ",74,"Singapore","investments","Finance & Investments "
1818,"Sam Goi ","1.6 ",75,"Singapore","frozen foods","Food & Beverage "
1818,"Asok Kumar Hiranandani ","1.6 ",67,"Singapore","real estate","Real Estate "
1818,"Zhong Sheng Jian ","1.6 ",64,"Singapore","real estate","Real Estate "
2076,"Shu Ping ","1.4 ",52,"Singapore","restaurants","Food & Beverage "
2190,"Chua Thian Poh ","1.3 ",73,"Singapore","real estate","Real Estate "
2190,"Ron Sim ","1.3 ",63,"Singapore","retail","Fashion & Retail "
2324,"Kwek Leng Peck ","1.2 ",66,"Singapore","diversified","Diversified "
2448,"Koh Wee Meng ","1.1 ",58,"Singapore","real estate, hotels","Real Estate "
