"Rank","Name","Networth","Age","Country","Source","Industry"
1,"Elon Musk ","219 ",50,"United States","Tesla, SpaceX","Automotive "
2,"Jeff Bezos ","171 ",58,"United States","Amazon","Technology "
4,"Bill Gates ","129 ",66,"United States","Microsoft","Technology "
5,"Warren Buffett ","118 ",91,"United States","Berkshire Hathaway","Finance & Investments "
6,"Larry Page ","111 ",49,"United States","Google","Technology "
7,"Sergey Brin ","107 ",48,"United States","Google","Technology "
8,"Larry Ellison ","106 ",77,"United States","software","Technology "
9,"Steve Ballmer ","91.4 ",66,"United States","Microsoft","Technology "
12,"Michael Bloomberg ","82 ",80,"United States","Bloomberg LP","Media & Entertainment "
15,"Mark Zuckerberg ","67.3 ",37,"United States","Facebook","Technology "
16,"Jim Walton ","66.2 ",73,"United States","Walmart","Fashion & Retail "
18,"Alice Walton ","65.3 ",72,"United States","Walmart","Fashion & Retail "
19,"Rob Walton ","65 ",77,"United States","Walmart","Fashion & Retail "
21,"Charles Koch ","60 ",86,"United States","Koch Industries","Diversified "
21,"Julia Koch & family ","60 ",59,"United States","Koch Industries","Diversified "
24,"Michael Dell ","55.1 ",57,"United States","Dell computers","Technology "
27,"Phil Knight & family ","47.3 ",84,"United States","Nike","Fashion & Retail "
30,"MacKenzie Scott ","43.6 ",51,"United States","Amazon","Technology "
37,"Stephen Schwarzman ","34.8 ",75,"United States","investments","Finance & Investments "
40,"Len Blavatnik ","32.5 ",64,"United States","music, chemicals","Diversified "
41,"Jacqueline Mars ","31.7 ",82,"United States","candy, pet food","Food & Beverage "
41,"John Mars ","31.7 ",86,"United States","candy, pet food","Food & Beverage "
48,"Jim Simons ","28.6 ",83,"United States","hedge funds","Finance & Investments "
50,"Miriam Adelson ","27.5 ",76,"United States","casinos","Gambling & Casinos "
53,"Ken Griffin ","27.2 ",53,"United States","hedge funds","Finance & Investments "
60,"Sam Bankman-Fried ","24 ",30,"United States","cryptocurrency exchange","Finance & Investments "
65,"Leonard Lauder ","23.1 ",89,"United States","Estee Lauder","Fashion & Retail "
70,"Eric Schmidt ","22.1 ",66,"United States","Google","Technology "
71,"Ray Dalio ","22 ",72,"United States","hedge funds","Finance & Investments "
71,"Daniel Gilbert ","22 ",60,"United States","Quicken Loans","Finance & Investments "
73,"Thomas Frist, Jr. & family ","21.8 ",83,"United States","hospitals","Healthcare "
75,"Abigail Johnson ","21.2 ",60,"United States","money management","Finance & Investments "
76,"Rupert Murdoch & family ","20.8 ",91,"United States","newspapers, TV network","Media & Entertainment "
78,"Jensen Huang ","20.6 ",59,"United States","semiconductors","Technology "
80,"Thomas Peterffy ","20.1 ",77,"United States","discount brokerage","Finance & Investments "
96,"Steve Cohen ","17.4 ",65,"United States","hedge funds","Finance & Investments "
98,"Harold Hamm & family ","17.2 ",76,"United States","oil & gas","Energy "
103,"David Tepper ","16.7 ",64,"United States","hedge funds","Finance & Investments "
104,"John Menard, Jr. ","16.6 ",82,"United States","home improvement stores","Fashion & Retail "
106,"Carl Icahn ","16.5 ",86,"United States","investments","Finance & Investments "
106,"Hank & Doug Meijer ","16.5 ",64,"United States","supermarkets","Fashion & Retail "
106,"Lukas Walton ","16.5 ",35,"United States","Walmart","Fashion & Retail "
110,"Laurene Powell Jobs & family ","16.4 ",58,"United States","Apple, Disney","Technology "
112,"Donald Bren ","16.2 ",89,"United States","real estate","Real Estate "
127,"Robert Pera ","14.6 ",44,"United States","wireless networking gear","Technology "
128,"Donald Newhouse ","14.4 ",92,"United States","media","Media & Entertainment "
142,"David Duffield ","12.9 ",81,"United States","business software","Technology "
146,"John Doerr ","12.7 ",70,"United States","venture capital","Technology "
152,"Charles Schwab ","12.2 ",84,"United States","discount brokerage","Finance & Investments "
156,"Jeff Yass ","12 ",63,"United States","trading, investments","Finance & Investments "
167,"Brian Chesky ","11.5 ",40,"United States","Airbnb","Technology "
167,"Israel Englander ","11.5 ",73,"United States","hedge funds","Finance & Investments "
167,"Dustin Moskovitz ","11.5 ",37,"United States","Facebook","Technology "
171,"Jay Chaudhry ","11.4 ",62,"United States","security software","Technology "
173,"Pierre Omidyar ","11.3 ",54,"United States","eBay, PayPal","Technology "
177,"Carl Cook ","11.1 ",59,"United States","medical devices","Healthcare "
180,"Philip Anschutz ","10.9 ",82,"United States","investments","Finance & Investments "
183,"Diane Hendricks ","10.7 ",75,"United States","roofing","Construction & Engineering "
183,"Stanley Kroenke ","10.7 ",74,"United States","sports, real estate","Sports "
185,"Jerry Jones ","10.6 ",79,"United States","Dallas Cowboys","Sports "
192,"Chase Coleman, III. ","10.3 ",46,"United States","investments","Finance & Investments "
197,"Leon Black ","10 ",70,"United States","private equity","Finance & Investments "
197,"Joe Gebbia ","10 ",40,"United States","Airbnb","Technology "
197,"David Geffen ","10 ",79,"United States","movies, record labels","Media & Entertainment "
201,"Andrew Beal ","9.9 ",69,"United States","banks, real estate","Finance & Investments "
201,"George Kaiser ","9.9 ",79,"United States","oil & gas, banking","Energy "
206,"Jan Koum ","9.8 ",46,"United States","WhatsApp","Technology "
213,"Tom & Judy Love ","9.7 ",64,"United States","retail & gas stations","Fashion & Retail "
214,"Gordon Moore ","9.5 ",93,"United States","Intel","Technology "
221,"Nathan Blecharczyk ","9.2 ",38,"United States","Airbnb","Technology "
227,"Ann Walton Kroenke ","9 ",73,"United States","Walmart","Fashion & Retail "
235,"Pauline MacMillan Keinath ","8.8 ",88,"United States","Cargill","Food & Beverage "
235,"Herbert Kohler, Jr. & family ","8.8 ",83,"United States","plumbing fixtures","Manufacturing "
235,"Li Ge ","8.8 ",55,"United States","pharmaceutical ingredients","Healthcare "
241,"Charles Ergen ","8.7 ",69,"United States","satellite TV","Media & Entertainment "
241,"Bernard Marcus ","8.7 ",92,"United States","Home Depot","Fashion & Retail "
246,"Ernest Garcia, II. ","8.6 ",64,"United States","used cars","Automotive "
246,"Paul Xiaoming Lee & family ","8.6 ",64,"United States","packaging","Manufacturing "
246,"George Soros ","8.6 ",91,"United States","hedge funds","Finance & Investments "
251,"Tamara Gustavson ","8.5 ",60,"United States","self storage","Service "
254,"Steven Rales ","8.4 ",71,"United States","manufacturing, investments","Manufacturing "
263,"Robert Kraft ","8.3 ",80,"United States","New England Patriots","Sports "
267,"Stephen Ross ","8.2 ",81,"United States","real estate","Real Estate "
275,"Marc Benioff ","8.1 ",57,"United States","business software","Technology "
275,"Nancy Walton Laurie ","8.1 ",70,"United States","Walmart","Fashion & Retail "
284,"Stewart & Lynda Resnick ","8 ",64,"United States","agriculture, water","Food & Beverage "
284,"George Roberts ","8 ",78,"United States","private equity","Finance & Investments "
284,"Michael Rubin ","8 ",49,"United States","online retail","Fashion & Retail "
284,"Patrick Ryan ","8 ",84,"United States","insurance","Finance & Investments "
288,"Marijke Mars ","7.9 ",57,"United States","candy, pet food","Food & Beverage "
288,"Pamela Mars ","7.9 ",61,"United States","candy, pet food","Food & Beverage "
288,"Valerie Mars ","7.9 ",63,"United States","candy, pet food","Food & Beverage "
288,"Victoria Mars ","7.9 ",65,"United States","candy, pet food","Food & Beverage "
288,"Christy Walton ","7.9 ",73,"United States","Walmart","Fashion & Retail "
296,"Jim Kennedy ","7.8 ",74,"United States","media, automotive","Media & Entertainment "
296,"Blair Parry-Okeden ","7.8 ",71,"United States","media, automotive","Media & Entertainment "
304,"Henry Kravis ","7.7 ",78,"United States","private equity","Finance & Investments "
313,"Shahid Khan ","7.6 ",71,"United States","auto parts","Automotive "
316,"Jeffery Hildebrand ","7.5 ",63,"United States","oil","Energy "
316,"Michael Kim ","7.5 ",58,"United States","private equity","Finance & Investments "
316,"Richard Kinder ","7.5 ",77,"United States","pipelines","Energy "
316,"David Shaw ","7.5 ",71,"United States","hedge funds","Finance & Investments "
321,"John Malone ","7.4 ",81,"United States","cable television","Media & Entertainment "
321,"Tim Sweeney ","7.4 ",51,"United States","video games","Media & Entertainment "
324,"David Green & family ","7.3 ",80,"United States","retail","Fashion & Retail "
324,"Paul Tudor Jones, II. ","7.3 ",67,"United States","hedge funds","Finance & Investments "
324,"Henry Samueli ","7.3 ",67,"United States","semiconductors","Technology "
324,"Patrick Soon-Shiong ","7.3 ",69,"United States","pharmaceuticals","Healthcare "
330,"Reinhold Schmieding ","7.2 ",67,"United States","medical devices","Healthcare "
336,"Arthur Blank ","7.1 ",79,"United States","Home Depot","Sports "
336,"J. Christopher Reyes ","7.1 ",68,"United States","food distribution","Food & Beverage "
336,"Jude Reyes ","7.1 ",66,"United States","food distribution","Food & Beverage "
343,"Judy Faulkner ","7 ",78,"United States","health IT","Technology "
350,"Micky Arison ","6.9 ",72,"United States","Carnival Cruises","Service "
350,"Edythe Broad & family ","6.9 ",86,"United States","homebuilding, insurance","Diversified "
350,"Vinod Khosla ","6.9 ",67,"United States","venture capital","Technology "
350,"Ralph Lauren ","6.9 ",82,"United States","apparel","Fashion & Retail "
350,"Douglas Leone ","6.9 ",64,"United States","venture capital","Finance & Investments "
350,"Harry Stine ","6.9 ",80,"United States","agriculture","Food & Beverage "
350,"Dennis Washington ","6.9 ",87,"United States","construction, mining","Logistics "
363,"Stanley Druckenmiller ","6.8 ",68,"United States","hedge funds","Finance & Investments "
363,"Jonathan Gray ","6.8 ",52,"United States","investments","Finance & Investments "
363,"Ronda Stryker ","6.8 ",67,"United States","medical equipment","Healthcare "
369,"James Goodnight ","6.7 ",79,"United States","software","Technology "
369,"Robert F. Smith ","6.7 ",59,"United States","private equity","Finance & Investments "
375,"Brian Armstrong ","6.6 ",39,"United States","cryptocurrency","Finance & Investments "
375,"Dannine Avara ","6.6 ",58,"United States","pipelines","Energy "
375,"Scott Duncan ","6.6 ",39,"United States","pipelines","Energy "
375,"Milane Frantz ","6.6 ",52,"United States","pipelines","Energy "
375,"Randa Duncan Williams ","6.6 ",60,"United States","pipelines","Energy "
386,"Ray Lee Hunt ","6.5 ",78,"United States","oil, real estate","Energy "
386,"Philippe Laffont ","6.5 ",54,"United States","hedge fund","Finance & Investments "
386,"Henry Nicholas, III. ","6.5 ",62,"United States","semiconductors","Technology "
386,"John Overdeck ","6.5 ",52,"United States","hedge funds","Finance & Investments "
386,"David Siegel ","6.5 ",60,"United States","hedge funds","Finance & Investments "
398,"Jack Dangermond ","6.4 ",76,"United States","mapping software","Technology "
403,"Orlando Bravo ","6.3 ",51,"United States","private equity","Finance & Investments "
403,"Edward Johnson, IV. ","6.3 ",57,"United States","money management","Finance & Investments "
403,"Bobby Murphy ","6.3 ",33,"United States","Snapchat","Technology "
411,"Melinda French Gates ","6.2 ",57,"United States","Microsoft","Technology "
411,"Bruce Kovner ","6.2 ",77,"United States","hedge funds","Finance & Investments "
411,"Leonard Stern ","6.2 ",84,"United States","real estate","Real Estate "
418,"Rocco Commisso ","6.1 ",72,"United States","telecom","Telecom "
418,"Jack Dorsey ","6.1 ",45,"United States","Twitter, Square","Technology "
418,"George Lucas ","6.1 ",77,"United States","Star Wars","Media & Entertainment "
418,"Evan Spiegel ","6.1 ",31,"United States","Snapchat","Technology "
424,"Tom Gores ","6 ",57,"United States","private equity","Finance & Investments "
424,"Leo Koguan ","6 ",67,"United States","IT provider","Technology "
424,"John Morris ","6 ",74,"United States","sporting goods retail","Fashion & Retail "
431,"Stephen Bisciotti ","5.9 ",61,"United States","staffing, Baltimore Ravens","Sports "
431,"Michael Moritz ","5.9 ",67,"United States","venture capital","Technology "
431,"Gary Wang ","5.9 ",28,"United States","cryptocurrency exchange","Finance & Investments "
438,"Joshua Harris ","5.8 ",57,"United States","private equity","Finance & Investments "
438,"Ken Langone ","5.8 ",86,"United States","investments","Finance & Investments "
438,"Terrence Pegula ","5.8 ",71,"United States","natural gas","Energy "
438,"Karen Pritzker ","5.8 ",64,"United States","hotels, investments","Finance & Investments "
438,"Mitchell Rales ","5.8 ",65,"United States","manufacturing, investments","Manufacturing "
438,"Charles Simonyi ","5.8 ",73,"United States","Microsoft","Technology "
438,"John A. Sobrato & family ","5.8 ",82,"United States","real estate","Real Estate "
438,"David Steward ","5.8 ",70,"United States","IT provider","Technology "
438,"Les Wexner & family ","5.8 ",84,"United States","retail","Fashion & Retail "
438,"Sam Zell ","5.8 ",80,"United States","real estate, private equity","Real Estate "
460,"Joe Mansueto ","5.7 ",65,"United States","investment research","Finance & Investments "
460,"Antony Ressler ","5.7 ",60,"United States","finance","Finance & Investments "
460,"Ken Xie ","5.7 ",59,"United States","cybersecurity","Technology "
471,"Tilman Fertitta ","5.6 ",64,"United States","Houston Rockets, entertainment","Food & Beverage "
471,"Edward Roski, Jr. ","5.6 ",83,"United States","real estate","Real Estate "
471,"David Sun ","5.6 ",70,"United States","computer hardware","Technology "
471,"John Tu ","5.6 ",80,"United States","computer hardware","Technology "
480,"Neil Bluhm ","5.5 ",84,"United States","real estate","Real Estate "
480,"Don Hankey ","5.5 ",78,"United States","auto loans","Finance & Investments "
480,"Jane Lauder ","5.5 ",49,"United States","Estée Lauder","Fashion & Retail "
480,"Gwendolyn Sontheim Meyer ","5.5 ",60,"United States","Cargill","Food & Beverage "
480,"Eric Smidt ","5.5 ",62,"United States","hardware stores","Fashion & Retail "
480,"Ronald Wanek ","5.5 ",80,"United States","furniture","Manufacturing "
490,"John Brown ","5.4 ",87,"United States","medical equipment","Healthcare "
490,"Jim Davis & family ","5.4 ",78,"United States","New Balance","Manufacturing "
490,"Charles Dolan & family ","5.4 ",95,"United States","cable television","Media & Entertainment "
490,"Tom Golisano ","5.4 ",80,"United States","payroll services","Service "
509,"Ken Fisher ","5.3 ",71,"United States","money management","Finance & Investments "
509,"Gary Rollins ","5.3 ",77,"United States","pest control","Service "
523,"James Chambers ","5.2 ",64,"United States","media, automotive","Media & Entertainment "
523,"Katharine Rayner ","5.2 ",77,"United States","media, automotive","Media & Entertainment "
523,"Margaretta Taylor ","5.2 ",79,"United States","media, automotive","Media & Entertainment "
523,"Eric Yuan & family ","5.2 ",52,"United States","Zoom Video Communications","Technology "
536,"Robert Bass ","5.1 ",74,"United States","oil, investments","Energy "
536,"Jeff Greene ","5.1 ",67,"United States","real estate, investments","Real Estate "
536,"Charles B. Johnson ","5.1 ",89,"United States","money management","Finance & Investments "
536,"Elizabeth Johnson ","5.1 ",58,"United States","money management","Finance & Investments "
536,"Lin Bin ","5.1 ",54,"United States","smartphones","Technology "
536,"Isaac Perlmutter ","5.1 ",79,"United States","Marvel comics","Media & Entertainment "
552,"Austen Cargill, II. ","5 ",71,"United States","Cargill","Food & Beverage "
552,"James Cargill, II. ","5 ",72,"United States","Cargill","Food & Beverage "
552,"Ben Chestnut ","5 ",47,"United States","email marketing","Technology "
552,"Dan Kurzius ","5 ",50,"United States","email marketing","Technology "
552,"Ronald Lauder ","5 ",78,"United States","Estee Lauder","Fashion & Retail "
552,"Marianne Liebmann ","5 ",68,"United States","Cargill","Food & Beverage "
552,"Thomas Pritzker ","5 ",71,"United States","hotels, investments","Finance & Investments "
552,"Scott Shleifer ","5 ",44,"United States","private equity","Finance & Investments "
552,"Autry Stephens ","5 ",83,"United States","oil","Energy "
552,"Peter Thiel ","5 ",54,"United States","Facebook, investments","Finance & Investments "
552,"Daniel Ziff ","5 ",50,"United States","investments","Finance & Investments "
552,"Dirk Ziff ","5 ",58,"United States","investments","Finance & Investments "
552,"Robert Ziff ","5 ",55,"United States","investments","Finance & Investments "
579,"Mat Ishbia ","4.9 ",42,"United States","mortgage lender★","Finance & Investments "
579,"Robert Rich, Jr. ","4.9 ",81,"United States","frozen foods","Food & Beverage "
586,"Julian Robertson, Jr. ","4.8 ",89,"United States","hedge funds","Finance & Investments "
586,"Marc Rowan ","4.8 ",59,"United States","private equity","Finance & Investments "
586,"Jeff Skoll ","4.8 ",57,"United States","eBay","Technology "
601,"Robert Brockman ","4.7 ",80,"United States","software","Technology "
601,"Scott Cook ","4.7 ",69,"United States","software","Technology "
601,"Mark Cuban ","4.7 ",63,"United States","online media, Dallas Mavericks","Media & Entertainment "
601,"Johnelle Hunt ","4.7 ",90,"United States","trucking","Logistics "
601,"Igor Olenicoff ","4.7 ",79,"United States","real estate","Real Estate "
601,"Mark Shoen ","4.7 ",71,"United States","U-Haul","Automotive "
601,"Fred Smith ","4.7 ",77,"United States","FedEx","Logistics "
622,"Bubba Cathy ","4.6 ",67,"United States","Chick-fil-A","Food & Beverage "
622,"Dan Cathy ","4.6 ",69,"United States","Chick-fil-A","Food & Beverage "
622,"Trudy Cathy White ","4.6 ",66,"United States","Chick-fil-A","Food & Beverage "
622,"Dagmar Dolby & family ","4.6 ",80,"United States","Dolby Laboratories","Technology "
622,"Min Kao & family ","4.6 ",73,"United States","navigation equipment","Technology "
622,"Sami Mnaymneh ","4.6 ",60,"United States","private equity","Finance & Investments "
622,"Tony Tamer ","4.6 ",64,"United States","private equity","Finance & Investments "
637,"Ron Baron ","4.5 ",78,"United States","money management","Finance & Investments "
637,"Bert Beveridge ","4.5 ",60,"United States","vodka","Food & Beverage "
637,"Todd Boehly ","4.5 ",48,"United States","finance","Finance & Investments "
637,"David Bonderman ","4.5 ",79,"United States","private equity","Finance & Investments "
637,"Ted Lerner & family ","4.5 ",96,"United States","real estate","Real Estate "
637,"Trevor Rees-Jones ","4.5 ",70,"United States","oil & gas","Energy "
637,"J. Joe Ricketts & family ","4.5 ",80,"United States","TD Ameritrade","Finance & Investments "
637,"Robert Rowling ","4.5 ",68,"United States","hotels, investments","Service "
637,"Mark Stevens ","4.5 ",62,"United States","venture capital","Finance & Investments "
654,"Barry Diller ","4.4 ",80,"United States","online media","Media & Entertainment "
654,"Marian Ilitch ","4.4 ",89,"United States","Little Caesars","Food & Beverage "
665,"Margot Birmingham Perot ","4.3 ",88,"United States","computer services, real estate","Technology "
665,"Rick Caruso ","4.3 ",63,"United States","real estate","Real Estate "
665,"Jim Davis ","4.3 ",62,"United States","staffing & recruiting","Service "
665,"Dan Friedkin ","4.3 ",57,"United States","Toyota dealerships","Automotive "
665,"W. Herbert Hunt ","4.3 ",93,"United States","oil","Energy "
665,"Rupert Johnson, Jr. ","4.3 ",81,"United States","money management","Finance & Investments "
665,"Chris Larsen ","4.3 ",61,"United States","cryptocurrency","Finance & Investments "
665,"Richard Schulze ","4.3 ",81,"United States","Best Buy","Fashion & Retail "
665,"Paul Singer ","4.3 ",77,"United States","hedge funds","Finance & Investments "
665,"Barry Sternlicht ","4.3 ",61,"United States","private equity","Finance & Investments "
665,"Mark Walter ","4.3 ",61,"United States","finance","Finance & Investments "
665,"Ty Warner ","4.3 ",77,"United States","plush toys, real estate","Real Estate "
687,"Daniel D'Aniello ","4.2 ",75,"United States","private equity","Finance & Investments "
687,"Martha Ingram & family ","4.2 ",86,"United States","book distribution, transportation","Media & Entertainment "
687,"Daniel Loeb ","4.2 ",60,"United States","hedge funds","Finance & Investments "
687,"Janice McNair ","4.2 ",85,"United States","energy, sports","Sports "
687,"Lynsi Snyder ","4.2 ",39,"United States","In-N-Out Burger","Food & Beverage "
687,"Jon Stryker ","4.2 ",63,"United States","medical equipment","Healthcare "
687,"Vincent Viola ","4.2 ",66,"United States","electronic trading","Finance & Investments "
687,"Romesh T. Wadhwani ","4.2 ",74,"United States","software","Technology "
709,"Thai Lee ","4.1 ",63,"United States","IT provider","Technology "
709,"Eric Lefkofsky ","4.1 ",52,"United States","Groupon, investments","Technology "
709,"Thomas Secunda ","4.1 ",67,"United States","Bloomberg LP","Media & Entertainment "
709,"E. Joe Shoen ","4.1 ",72,"United States","U-Haul","Automotive "
709,"Steven Udvar-Hazy ","4.1 ",76,"United States","aircraft leasing","Service "
709,"Russ Weiner ","4.1 ",51,"United States","energy drinks","Food & Beverage "
728,"Rakesh Gangwal ","4 ",68,"United States","airline","Service "
728,"Hao Hong ","4 ",66,"United States","pharmaceuticals","Healthcare "
728,"Ramzi Musallam ","4 ",53,"United States","private equity","Finance & Investments "
728,"Daniel Och ","4 ",61,"United States","hedge funds","Finance & Investments "
728,"John Paulson ","4 ",66,"United States","hedge funds","Finance & Investments "
728,"Jean (Gigi) Pritzker ","4 ",59,"United States","hotels, investments","Service "
728,"David Rubenstein ","4 ",72,"United States","private equity","Finance & Investments "
728,"Howard Schultz ","4 ",68,"United States","Starbucks","Food & Beverage "
728,"Dan Snyder ","4 ",57,"United States","Washington Football Team","Sports "
728,"Kelcy Warren ","4 ",66,"United States","pipelines","Energy "
728,"Herbert Wertheim ","4 ",82,"United States","investments","Finance & Investments "
728,"Cameron Winklevoss ","4 ",40,"United States","cryptocurrency","Finance & Investments "
728,"Tyler Winklevoss ","4 ",40,"United States","cryptocurrency","Finance & Investments "
728,"Denise York & family ","4 ",71,"United States","San Francisco 49ers","Sports "
764,"Stephen Mandel, Jr. ","3.9 ",66,"United States","hedge funds","Finance & Investments "
764,"Gabe Newell ","3.9 ",59,"United States","videogames","Gambling & Casinos "
764,"Donald Sterling ","3.9 ",87,"United States","real estate","Real Estate "
764,"Don Vultaggio & family ","3.9 ",70,"United States","beverages","Food & Beverage "
778,"Gayle Benson ","3.8 ",75,"United States","pro sports teams","Sports "
778,"William Conway, Jr. ","3.8 ",72,"United States","private equity","Finance & Investments "
778,"Jimmy Haslam ","3.8 ",68,"United States","gas stations, retail","Fashion & Retail "
778,"Pablo Legorreta ","3.8 ",58,"United States","investments","Finance & Investments "
778,"Michael Milken ","3.8 ",75,"United States","investments","Finance & Investments "
801,"William Berkley ","3.7 ",75,"United States","insurance","Finance & Investments "
801,"John Catsimatidis ","3.7 ",73,"United States","oil, real estate","Energy "
801,"Reed Hastings ","3.7 ",61,"United States","Netflix","Media & Entertainment "
801,"Amos Hostetter, Jr. ","3.7 ",85,"United States","cable television","Media & Entertainment "
801,"Brad Jacobs ","3.7 ",65,"United States","logistics","Logistics "
801,"William Lauder ","3.7 ",61,"United States","Estee Lauder","Fashion & Retail "
801,"Richard LeFrak & family ","3.7 ",76,"United States","real estate","Real Estate "
801,"Anthony Pritzker ","3.7 ",61,"United States","hotels, investments","Service "
801,"Ira Rennert ","3.7 ",87,"United States","investments","Finance & Investments "
801,"Bernard Saul, II. ","3.7 ",89,"United States","banking, real estate","Finance & Investments "
801,"Steven Spielberg ","3.7 ",75,"United States","movies","Media & Entertainment "
822,"Charles Cohen ","3.6 ",70,"United States","real estate","Real Estate "
822,"David Filo ","3.6 ",55,"United States","Yahoo","Technology "
822,"John Henry ","3.6 ",72,"United States","sports","Sports "
822,"Peter Kellogg ","3.6 ",79,"United States","investments","Finance & Investments "
822,"James Leprino ","3.6 ",84,"United States","cheese","Food & Beverage "
822,"Arturo Moreno ","3.6 ",75,"United States","billboards, Los Angeles Angels","Sports "
822,"J.B. Pritzker ","3.6 ",57,"United States","hotels, investments","Finance & Investments "
822,"Rodger Riney & family ","3.6 ",76,"United States","discount brokerage","Finance & Investments "
822,"Jerry Speyer ","3.6 ",81,"United States","real estate","Real Estate "
822,"Roger Wang ","3.6 ",73,"United States","retail","Fashion & Retail "
851,"James Irsay ","3.5 ",62,"United States","Indianapolis Colts","Sports "
851,"Aerin Lauder ","3.5 ",51,"United States","cosmetics","Fashion & Retail "
851,"Jeffrey Lurie ","3.5 ",70,"United States","Philadelphia Eagles","Sports "
851,"Mary Alice Dorrance Malone ","3.5 ",72,"United States","Campbell Soup","Food & Beverage "
851,"Lynn Schusterman ","3.5 ",83,"United States","oil & gas, investments","Energy "
851,"Thomas Siebel ","3.5 ",69,"United States","business software","Technology "
851,"Herb Simon ","3.5 ",87,"United States","real estate","Real Estate "
851,"William Wrigley, Jr. ","3.5 ",58,"United States","chewing gum","Food & Beverage "
883,"Sid Bass ","3.4 ",79,"United States","oil, investments","Energy "
883,"Nick Caporella ","3.4 ",86,"United States","beverages","Food & Beverage "
883,"Wesley Edens ","3.4 ",60,"United States","investments","Finance & Investments "
883,"Behdad Eghbali ","3.4 ",45,"United States","private equity","Finance & Investments "
883,"Archie Aldis Emmerson & family ","3.4 ",92,"United States","timberland, lumber mills","Manufacturing "
883,"Jose E. Feliciano ","3.4 ",48,"United States","private equity","Finance & Investments "
883,"David Gottesman ","3.4 ",95,"United States","investments","Finance & Investments "
883,"Jeff T. Green ","3.4 ",45,"United States","digital advertising","Media & Entertainment "
883,"Jim Kavanaugh ","3.4 ",59,"United States","IT provider","Technology "
883,"Steven Klinsky ","3.4 ",65,"United States","investments","Finance & Investments "
883,"John Middleton ","3.4 ",67,"United States","tobacco","Food & Beverage "
883,"Bob Parsons ","3.4 ",71,"United States","web hosting","Technology "
883,"Richard Sands ","3.4 ",71,"United States","liquor","Food & Beverage "
883,"Robert Sands ","3.4 ",63,"United States","liquor","Food & Beverage "
883,"T. Denny Sanford ","3.4 ",86,"United States","banking, credit cards","Finance & Investments "
883,"Todd Wanek ","3.4 ",58,"United States","furniture","Manufacturing "
883,"Meg Whitman ","3.4 ",65,"United States","eBay","Technology "
883,"Michael Xie ","3.4 ",53,"United States","cybersecurity","Technology "
913,"John Arnold ","3.3 ",48,"United States","hedge funds","Finance & Investments "
913,"Travis Boersma ","3.3 ",51,"United States","coffee","Food & Beverage "
913,"H. Fisk Johnson ","3.3 ",63,"United States","cleaning products","Manufacturing "
913,"S. Curtis Johnson ","3.3 ",66,"United States","cleaning products","Manufacturing "
913,"Helen Johnson-Leipold ","3.3 ",65,"United States","cleaning products","Manufacturing "
913,"Winifred J. Marquart ","3.3 ",62,"United States","cleaning products","Manufacturing "
913,"Jay Paul ","3.3 ",74,"United States","real estate","Real Estate "
913,"John Sall ","3.3 ",74,"United States","software","Technology "
913,"Steve Wynn ","3.3 ",80,"United States","casinos, hotels","Gambling & Casinos "
951,"Andrew & Peggy Cherng ","3.2 ",64,"United States","restaurants","Food & Beverage "
951,"James Clark ","3.2 ",78,"United States","Netscape, investments","Technology "
951,"Ernest Garcia, III ","3.2 ",39,"United States","used cars","Automotive "
951,"Joseph Grendys ","3.2 ",60,"United States","poultry processing","Food & Beverage "
951,"Thomas Hagen ","3.2 ",86,"United States","insurance","Finance & Investments "
951,"Robert Hale, Jr. ","3.2 ",55,"United States","telecom","Telecom "
951,"Gail Miller ","3.2 ",78,"United States","car dealerships","Automotive "
951,"H. Ross Perot, Jr. ","3.2 ",63,"United States","real estate","Real Estate "
951,"Matthew Prince ","3.2 ",47,"United States","cybersecurity","Technology "
951,"Penny Pritzker ","3.2 ",62,"United States","hotels, investments","Finance & Investments "
951,"Barry Silbert ","3.2 ",45,"United States","cryptocurrency","Finance & Investments "
951,"Daniel Sundheim ","3.2 ",45,"United States","hedge funds","Finance & Investments "
984,"Peter Gassner ","3.1 ",57,"United States","software","Technology "
984,"Bom Kim ","3.1 ",43,"United States","online retailing","Technology "
984,"Haim Saban ","3.1 ",77,"United States","TV network, investments","Media & Entertainment "
984,"Pat Stryker ","3.1 ",65,"United States","medical equipment","Healthcare "
984,"Jeff Sutton ","3.1 ",62,"United States","real estate","Real Estate "
984,"Jon Yarbrough ","3.1 ",64,"United States","video games","Gambling & Casinos "
1012,"William Ackman ","3 ",55,"United States","hedge funds","Finance & Investments "
1012,"Neal Blue & family ","3 ",87,"United States","defense","Manufacturing "
1012,"Todd Christopher ","3 ",59,"United States","hair care products","Fashion & Retail "
1012,"Sheldon Lavin ","3 ",89,"United States","meat processing","Food & Beverage "
1012,"Joseph Liemandt ","3 ",53,"United States","software","Technology "
1012,"Donald Trump ","3 ",75,"United States","real estate","Real Estate "
1012,"John Tyson ","3 ",68,"United States","food processing","Food & Beverage "
1012,"Charles Zegar ","3 ",74,"United States","Bloomberg LP","Media & Entertainment "
1012,"Mortimer Zuckerman ","3 ",84,"United States","real estate, media","Real Estate "
1053,"Riley Bechtel & family ","2.9 ",70,"United States","engineering, construction","Construction & Engineering "
1053,"Nicolas Berggruen ","2.9 ",60,"United States","real estate, investments","Real Estate "
1053,"Joseph Edelman ","2.9 ",66,"United States","hedge funds","Finance & Investments "
1053,"Jane Goldman ","2.9 ",66,"United States","real estate","Real Estate "
1053,"Stewart Horejsi & family ","2.9 ",84,"United States","Berkshire Hathaway","Finance & Investments "
1053,"Jeremy Jacobs, Sr. & family ","2.9 ",82,"United States","food service","Service "
1053,"Hamilton James ","2.9 ",70,"United States","investments","Finance & Investments "
1053,"Drayton McLane, Jr. ","2.9 ",85,"United States","Walmart, logistics","Fashion & Retail "
1053,"Roger Penske ","2.9 ",85,"United States","cars","Automotive "
1053,"Shen Hua & family ","2.9 ",59,"United States","semiconductors","Technology "
1053,"Warren Stephens ","2.9 ",65,"United States","investment banking","Finance & Investments "
1053,"Alan Trefler ","2.9 ",66,"United States","software","Technology "
1053,"Frank VanderSloot ","2.9 ",73,"United States","nutrition, wellness products","Fashion & Retail "
1096,"Brian Acton ","2.8 ",50,"United States","WhatsApp","Technology "
1096,"Bill Alfond ","2.8 ",73,"United States","shoes","Fashion & Retail "
1096,"Susan Alfond ","2.8 ",76,"United States","shoes","Fashion & Retail "
1096,"Ted Alfond ","2.8 ",77,"United States","shoes","Fashion & Retail "
1096,"Felix Baker ","2.8 ",53,"United States","biotech investing","Finance & Investments "
1096,"Julian Baker ","2.8 ",55,"United States","investing","Finance & Investments "
1096,"John Paul DeJoria ","2.8 ",77,"United States","hair products, tequila","Fashion & Retail "
1096,"Bennett Dorrance ","2.8 ",76,"United States","Campbell Soup","Food & Beverage "
1096,"Allan Goldman ","2.8 ",79,"United States","real estate","Real Estate "
1096,"Amy Goldman Fowler ","2.8 ",67,"United States","real estate","Real Estate "
1096,"J. Tomilson Hill ","2.8 ",73,"United States","investments","Finance & Investments "
1096,"James Jannard ","2.8 ",72,"United States","sunglasses","Fashion & Retail "
1096,"Travis Kalanick ","2.8 ",45,"United States","Uber","Technology "
1096,"Diane Kemper ","2.8 ",76,"United States","real estate","Real Estate "
1096,"George Kurtz ","2.8 ",51,"United States","security software","Technology "
1096,"Alexis Lê-Quôc ","2.8 ",47,"United States","cloud computing","Technology "
1096,"Sean Parker ","2.8 ",42,"United States","Facebook","Technology "
1096,"Richard Peery ","2.8 ",83,"United States","real estate","Real Estate "
1096,"Nicholas Pritzker ","2.8 ",78,"United States","hotels, investments","Finance & Investments "
1096,"Jeff Rothschild ","2.8 ",67,"United States","Facebook","Technology "
1096,"Steven Sarowitz ","2.8 ",56,"United States","payroll software","Technology "
1096,"William Stone ","2.8 ",66,"United States","software","Technology "
1096,"Sun Hongbin ","2.8 ",59,"United States","real estate","Real Estate "
1096,"Kenneth Tuchman ","2.8 ",62,"United States","call centers","Service "
1163,"Ben Ashkenazy ","2.7 ",52,"United States","real estate","Real Estate "
1163,"Bill Austin ","2.7 ",80,"United States","hearing aids","Manufacturing "
1163,"Aneel Bhusri ","2.7 ",56,"United States","business software","Technology "
1163,"George Bishop ","2.7 ",84,"United States","oil & gas","Energy "
1163,"Edward DeBartolo, Jr. ","2.7 ",75,"United States","shopping centers","Real Estate "
1163,"Brad Kelley ","2.7 ",65,"United States","tobacco","Real Estate "
1163,"C. Dean Metropoulos ","2.7 ",75,"United States","investments","Food & Beverage "
1163,"Tor Peterson ","2.7 ",57,"United States","commodities","Metals & Mining "
1163,"John Pritzker ","2.7 ",68,"United States","hotels, investments","Finance & Investments "
1163,"Jerry Yang ","2.7 ",53,"United States","Yahoo","Technology "
1196,"Norman Braman ","2.6 ",89,"United States","art, car dealerships","Automotive "
1196,"J. Hyatt Brown ","2.6 ",84,"United States","insurance","Finance & Investments "
1196,"Jim Coulter ","2.6 ",62,"United States","private equity","Finance & Investments "
1196,"Frank Fertitta, III. ","2.6 ",60,"United States","casinos, mixed martial arts","Sports "
1196,"Lorenzo Fertitta ","2.6 ",53,"United States","casinos, mixed martial arts","Sports "
1196,"Doris Fisher ","2.6 ",90,"United States","Gap","Fashion & Retail "
1196,"Alec Gores ","2.6 ",69,"United States","private equity","Finance & Investments "
1196,"Eren Ozmen ","2.6 ",63,"United States","aerospace","Manufacturing "
1196,"Ronald Perelman ","2.6 ",79,"United States","leveraged buyouts","Finance & Investments "
1196,"Daniel Pritzker ","2.6 ",62,"United States","hotels, investments","Finance & Investments "
1196,"Alejandro Santo Domingo ","2.6 ",45,"United States","beer","Food & Beverage "
1196,"Kavitark Ram Shriram ","2.6 ",65,"United States","venture capital, Google","Technology "
1196,"Oprah Winfrey ","2.6 ",68,"United States","TV shows","Media & Entertainment "
1238,"David Baszucki ","2.5 ",59,"United States","online games","Media & Entertainment "
1238,"Leon G. Cooperman ","2.5 ",78,"United States","hedge funds","Finance & Investments "
1238,"Gerald Ford ","2.5 ",77,"United States","banking","Finance & Investments "
1238,"Donald Horton & family ","2.5 ",72,"United States","homebuilding","Real Estate "
1238,"Jed McCaleb ","2.5 ",47,"United States","cryptocurrency","Finance & Investments "
1238,"Charles Munger ","2.5 ",98,"United States","Berkshire Hathaway","Finance & Investments "
1238,"Fatih Ozmen ","2.5 ",64,"United States","aerospace","Manufacturing "
1238,"Stewart Rahr ","2.5 ",76,"United States","drug distribution","Healthcare "
1238,"Chad Richison ","2.5 ",51,"United States","payroll processing","Technology "
1238,"Glen Taylor ","2.5 ",80,"United States","printing","Service "
1292,"George Argyros & family ","2.4 ",85,"United States","real estate, investments","Real Estate "
1292,"Edward Bass ","2.4 ",76,"United States","oil, investments","Energy "
1292,"Alexandra Daitch ","2.4 ",59,"United States","Cargill","Food & Beverage "
1292,"Chetan Dube ","2.4 ",56,"United States","technology","Technology "
1292,"John Fisher ","2.4 ",60,"United States","Gap","Fashion & Retail "
1292,"William Franke ","2.4 ",84,"United States","low-cost airlines","Diversified "
1292,"Joe Lau ","2.4 ",32,"United States","blockchain, technology","Technology "
1292,"Sarah MacMillan ","2.4 ",68,"United States","Cargill","Food & Beverage "
1292,"Rodney Sacks ","2.4 ",72,"United States","energy drinks","Food & Beverage "
1292,"Lucy Stitzer ","2.4 ",62,"United States","Cargill","Food & Beverage "
1292,"Jeff Tangney ","2.4 ",49,"United States","healthcare IT","Healthcare "
1292,"Nikil Viswanathan ","2.4 ",34,"United States","blockchain technology","Technology "
1292,"Anthony Wood ","2.4 ",56,"United States","Roku","Technology "
1341,"William Boyd & family ","2.3 ",90,"United States","casinos, banking","Gambling & Casinos "
1341,"Timothy Boyle ","2.3 ",72,"United States","Columbia Sportswear","Fashion & Retail "
1341,"Henry Davis ","2.3 ",71,"United States","beef processing","Food & Beverage "
1341,"Ray Davis ","2.3 ",80,"United States","pipelines","Energy "
1341,"Stephen Feinberg ","2.3 ",62,"United States","private equity","Finance & Investments "
1341,"Kenneth Feld & family ","2.3 ",73,"United States","live entertainment","Media & Entertainment "
1341,"Noam Gottesman ","2.3 ",60,"United States","hedge funds","Finance & Investments "
1341,"Bill Haslam ","2.3 ",63,"United States","gas stations","Fashion & Retail "
1341,"Osman Kibar ","2.3 ",51,"United States","biotech","Healthcare "
1341,"Frank Laukien ","2.3 ",62,"United States","scientific equipment","Manufacturing "
1341,"Clayton Mathile ","2.3 ",81,"United States","pet food","Food & Beverage "
1341,"David Murdock ","2.3 ",98,"United States","Dole, real estate","Food & Beverage "
1341,"Thomas Tull ","2.3 ",51,"United States","movies, investments","Media & Entertainment "
1341,"Ted Turner ","2.3 ",83,"United States","cable television","Media & Entertainment "
1341,"David Walentas ","2.3 ",83,"United States","real estate","Real Estate "
1397,"Alex Atallah ","2.2 ",30,"United States","online marketplace","Technology "
1397,"Chris Britt ","2.2 ",49,"United States","fintech","Finance & Investments "
1397,"Devin Finzer ","2.2 ",31,"United States","online marketplace","Technology "
1397,"Robert Friedland ","2.2 ",71,"United States","mining","Metals & Mining "
1397,"Phillip Frost ","2.2 ",85,"United States","pharmaceuticals","Healthcare "
1397,"Jeffrey Gundlach ","2.2 ",63,"United States","investments","Finance & Investments "
1397,"B. Wayne Hughes, Jr. ","2.2 ",61,"United States","storage facilities","Real Estate "
1397,"Bruce Karsh ","2.2 ",66,"United States","private equity","Finance & Investments "
1397,"Daniel Lubetzky ","2.2 ",53,"United States","snack bars","Food & Beverage "
1397,"Howard Marks ","2.2 ",75,"United States","private equity","Finance & Investments "
1397,"Craig McCaw ","2.2 ",72,"United States","telecom","Telecom "
1397,"Vincent McMahon ","2.2 ",76,"United States","entertainment","Sports "
1397,"Jonathan Nelson ","2.2 ",65,"United States","private equity","Finance & Investments "
1397,"Jeffrey Talpins ","2.2 ",47,"United States","hedge fund","Finance & Investments "
1397,"Riaz Valani ","2.2 ",45,"United States","e-cigarettes","Finance & Investments "
1397,"William Young ","2.2 ",81,"United States","plastics","Manufacturing "
1445,"Lee Bass ","2.1 ",65,"United States","oil, investments","Energy "
1445,"Jim Breyer ","2.1 ",60,"United States","venture capital","Technology "
1445,"Ron Burkle ","2.1 ",69,"United States","supermarkets, investments","Finance & Investments "
1445,"Fred Ehrsam ","2.1 ",33,"United States","cryptocurrency exchange","Finance & Investments "
1445,"Gary Friedman ","2.1 ",64,"United States","Furniture retail","Fashion & Retail "
1445,"Gordon Getty ","2.1 ",88,"United States","Getty Oil","Energy "
1445,"Reid Hoffman ","2.1 ",54,"United States","LinkedIn","Technology "
1445,"Thomas James ","2.1 ",79,"United States","finance","Finance & Investments "
1445,"Liu Xiucai & family ","2.1 ",65,"United States","chemicals","Manufacturing "
1445,"Alice Schwartz ","2.1 ",95,"United States","biotech","Healthcare "
1445,"Timothy Springer ","2.1 ",74,"United States","biotech","Healthcare "
1445,"Jayshree Ullal ","2.1 ",61,"United States","computer networking","Technology "
1445,"Amy Wyss ","2.1 ",51,"United States","medical equipment","Healthcare "
1513,"S. Daniel Abraham ","2 ",97,"United States","Slim-Fast","Food & Beverage "
1513,"Ryan Breslow ","2 ",27,"United States","e-commerce software","Technology "
1513,"Herb Chambers ","2 ",80,"United States","car dealerships","Automotive "
1513,"Tim Cook ","2 ",61,"United States","Apple","Technology "
1513,"Glenn Dubin ","2 ",64,"United States","hedge funds","Finance & Investments "
1513,"James Duff ","2 ",61,"United States","tires, diversified","Diversified "
1513,"Thomas Duff ","2 ",65,"United States","tires, diversified","Diversified "
1513,"Robert Duggan ","2 ",77,"United States","pharmaceuticals","Healthcare "
1513,"Orion Hindawi ","2 ",42,"United States","software","Technology "
1513,"Josh Kushner ","2 ",36,"United States","venture capital","Finance & Investments "
1513,"Henry Laufer ","2 ",76,"United States","hedge funds","Finance & Investments "
1513,"Thomas Lee ","2 ",78,"United States","private equity","Finance & Investments "
1513,"Jim McKelvey ","2 ",56,"United States","mobile payments","Technology "
1513,"Jennifer Pritzker ","2 ",71,"United States","hotels, investments","Finance & Investments "
1513,"Linda Pritzker ","2 ",68,"United States","hotels, investments","Service "
1513,"Joe Rogers, Jr. ","2 ",75,"United States","Waffle House","Food & Beverage "
1513,"Phil Ruffin ","2 ",87,"United States","casinos, real estate","Diversified "
1513,"Todd Wagner ","2 ",61,"United States","online media","Media & Entertainment "
1513,"Kanye West ","2 ",44,"United States","music, sneakers","Fashion & Retail "
1513,"Evan Williams ","2 ",50,"United States","Twitter","Technology "
1579,"James Dinan ","1.9 ",62,"United States","hedge funds","Finance & Investments "
1579,"Mario Gabelli ","1.9 ",80,"United States","money management","Finance & Investments "
1579,"Willis Johnson ","1.9 ",74,"United States","damaged cars","Automotive "
1579,"David Lichtenstein ","1.9 ",60,"United States","real estate","Real Estate "
1579,"Larry Robbins ","1.9 ",52,"United States","hedge funds","Finance & Investments "
1579,"Dwight Schar ","1.9 ",80,"United States","homebuilding, NFL team","Construction & Engineering "
1579,"David Zalik ","1.9 ",48,"United States","financial technology","Technology "
1645,"Leslie Alexander ","1.8 ",78,"United States","sports team","Sports "
1645,"O. Francis Biondi ","1.8 ",57,"United States","hedge funds","Finance & Investments "
1645,"Tench Coxe ","1.8 ",64,"United States","venture capital","Finance & Investments "
1645,"Paul Foster ","1.8 ",64,"United States","oil refining","Energy "
1645,"James France ","1.8 ",77,"United States","Nascar, racing","Sports "
1645,"Christopher Goldsbury ","1.8 ",79,"United States","salsa","Food & Beverage "
1645,"Brian Higgins ","1.8 ",57,"United States","hedge funds","Finance & Investments "
1645,"David Hindawi ","1.8 ",77,"United States","software","Technology "
1645,"Stanley Hubbard ","1.8 ",88,"United States","DirecTV","Media & Entertainment "
1645,"Mark & Robyn Jones ","1.8 ",64,"United States","insurance","Finance & Investments "
1645,"George Joseph ","1.8 ",100,"United States","insurance","Finance & Investments "
1645,"Kim Kardashian ","1.8 ",41,"United States","cosmetics, reality TV","Fashion & Retail "
1645,"Edward Lampert ","1.8 ",59,"United States","Sears","Finance & Investments "
1645,"Marc Lasry ","1.8 ",61,"United States","hedge funds","Finance & Investments "
1645,"George Marcus ","1.8 ",80,"United States","real estate","Real Estate "
1645,"Gary Michelson ","1.8 ",73,"United States","medical patents","Healthcare "
1645,"David Paul ","1.8 ",55,"United States","medical devices","Healthcare "
1645,"Phillip T. (Terry) Ragon ","1.8 ",72,"United States","health IT","Technology "
1645,"Jerry Reinsdorf ","1.8 ",86,"United States","sports teams","Sports "
1645,"Frank Slootman ","1.8 ",63,"United States","software","Technology "
1645,"Henry Swieca ","1.8 ",64,"United States","hedge funds","Finance & Investments "
1645,"Charlotte Colket Weber ","1.8 ",79,"United States","Campbell Soup","Food & Beverage "
1645,"Elaine Wynn ","1.8 ",79,"United States","casinos, hotels","Gambling & Casinos "
1729,"Noubar Afeyan ","1.7 ",59,"United States","biotech","Healthcare "
1729,"Marc Andreessen ","1.7 ",50,"United States","venture capital investing","Finance & Investments "
1729,"John Bicket ","1.7 ",42,"United States","sensor systems","Technology "
1729,"Sanjit Biswas ","1.7 ",40,"United States","sensor systems","Technology "
1729,"David Booth ","1.7 ",76,"United States","mutual funds","Finance & Investments "
1729,"Keith Dunleavy & family ","1.7 ",52,"United States","health IT","Healthcare "
1729,"Donald Foss ","1.7 ",77,"United States","auto loans","Automotive "
1729,"Michael Jordan ","1.7 ",59,"United States","Charlotte Hornets, endorsements","Sports "
1729,"James Leininger ","1.7 ",77,"United States","medical products","Healthcare "
1729,"Jimmy John Liautaud ","1.7 ",58,"United States","sandwich chain","Food & Beverage "
1729,"Billy Joe (Red) McCombs ","1.7 ",94,"United States","real estate, oil, cars, sports","Diversified "
1729,"Nelson Peltz ","1.7 ",79,"United States","investments","Finance & Investments "
1729,"Jorge Perez ","1.7 ",72,"United States","real estate","Real Estate "
1729,"Edward Stack ","1.7 ",67,"United States","Dick's Sporting Goods","Fashion & Retail "
1729,"Byron Trott ","1.7 ",63,"United States","investments","Finance & Investments "
1729,"Patrizio Vinciarelli ","1.7 ",75,"United States","electronic components","Technology "
1729,"Stephen Winn ","1.7 ",75,"United States","real estate services","Real Estate "
1729,"Zhong Peifeng ","1.7 ",59,"United States","semiconductor","Telecom "
1729,"Anita Zucker ","1.7 ",70,"United States","chemicals","Manufacturing "
1818,"Herbert Allen, Jr. & family ","1.6 ",82,"United States","investment banking","Finance & Investments "
1818,"Clifford Asness ","1.6 ",55,"United States","money management","Finance & Investments "
1818,"Louis Bacon ","1.6 ",65,"United States","hedge funds","Finance & Investments "
1818,"Robert Clark ","1.6 ",63,"United States","construction","Construction & Engineering "
1818,"Jamie Dimon ","1.6 ",66,"United States","banking","Finance & Investments "
1818,"Bill Gross ","1.6 ",77,"United States","investments","Finance & Investments "
1818,"Sue Gross ","1.6 ",72,"United States","investments","Finance & Investments "
1818,"Patrick Hanrahan ","1.6 ",66,"United States","software","Technology "
1818,"Jared Isaacman ","1.6 ",39,"United States","payment processing","Technology "
1818,"Sunjay Kapur ","1.6 ",50,"United States","auto parts","Automotive "
1818,"Richard Kayne ","1.6 ",76,"United States","investments","Finance & Investments "
1818,"Randal J. Kirk ","1.6 ",68,"United States","pharmaceuticals","Healthcare "
1818,"Jim Koch ","1.6 ",72,"United States","beer","Food & Beverage "
1818,"William Koch ","1.6 ",81,"United States","oil, investments","Energy "
1818,"Robert Langer ","1.6 ",73,"United States","biotech","Healthcare "
1818,"Theodore Leonsis ","1.6 ",66,"United States","sports teams","Sports "
1818,"Catherine Lozick ","1.6 ",76,"United States","valve manufacturing","Manufacturing "
1818,"Cargill MacMillan, III. ","1.6 ",62,"United States","Cargill","Food & Beverage "
1818,"Duncan MacMillan ","1.6 ",84,"United States","Bloomberg LP","Finance & Investments "
1818,"John MacMillan ","1.6 ",72,"United States","Cargill","Food & Beverage "
1818,"Martha MacMillan ","1.6 ",70,"United States","Cargill","Food & Beverage "
1818,"William MacMillan ","1.6 ",67,"United States","Cargill","Food & Beverage "
1818,"Brian Roberts ","1.6 ",62,"United States","Comcast","Media & Entertainment "
1818,"Austin Russell ","1.6 ",27,"United States","sensors★","Automotive "
1818,"George Sakellaris ","1.6 ",75,"United States","energy services","Energy "
1818,"Sheryl Sandberg ","1.6 ",52,"United States","Facebook","Technology "
1818,"Andres Santo Domingo ","1.6 ",43,"United States","beer","Food & Beverage "
1818,"Paul Saville ","1.6 ",66,"United States","homebuilder","Real Estate "
1818,"Michael Saylor ","1.6 ",57,"United States","cryptocurrency","Technology "
1818,"Niraj Shah ","1.6 ",48,"United States","online retail","Technology "
1818,"Evgeny (Eugene) Shvidler ","1.6 ",58,"United States","oil & gas, investments","Energy "
1818,"Ryan Smith ","1.6 ",43,"United States","cloud computing","Technology "
1818,"Peter Sperling ","1.6 ",62,"United States","education","Service "
1818,"Carl Thoma ","1.6 ",73,"United States","investments","Finance & Investments "
1818,"Scott Watterson ","1.6 ",66,"United States","fitness equipment","Technology "
1818,"Tom Werner ","1.6 ",71,"United States","sports teams","Sports "
1929,"Steve Case ","1.5 ",63,"United States","AOL","Technology "
1929,"Safra Catz ","1.5 ",60,"United States","software","Technology "
1929,"Steve Conine ","1.5 ",49,"United States","online retail","Technology "
1929,"Bharat Desai ","1.5 ",69,"United States","IT consulting","Technology "
1929,"Egon Durban ","1.5 ",48,"United States","private equity","Finance & Investments "
1929,"Henry Engelhardt ","1.5 ",64,"United States","insurance","Finance & Investments "
1929,"John Farber ","1.5 ",96,"United States","chemicals","Manufacturing "
1929,"Alan Gerry ","1.5 ",93,"United States","cable television","Media & Entertainment "
1929,"Kenneth Hao ","1.5 ",53,"United States","private equity","Finance & Investments "
1929,"Timothy Headington ","1.5 ",71,"United States","oil & gas, investments","Energy "
1929,"Drew Houston ","1.5 ",39,"United States","cloud storage service","Technology "
1929,"Matt Hulsizer ","1.5 ",64,"United States","fintech","Finance & Investments "
1929,"Justin Ishbia ","1.5 ",44,"United States","private equity★","Finance & Investments "
1929,"Jenny Just ","1.5 ",54,"United States","fintech","Finance & Investments "
1929,"Sidney Kimmel ","1.5 ",94,"United States","retail","Fashion & Retail "
1929,"Seth Klarman ","1.5 ",64,"United States","investments","Finance & Investments "
1929,"Joe Lacob ","1.5 ",66,"United States","Golden State Warriors","Sports "
1929,"Alan Miller & family ","1.5 ",84,"United States","healthcare services","Healthcare "
1929,"Greg Mondre ","1.5 ",47,"United States","private equity","Finance & Investments "
1929,"Jonathan Oringer ","1.5 ",47,"United States","stock photos","Technology "
1929,"Zach Perret ","1.5 ",34,"United States","fintech","Finance & Investments "
1929,"Kevin Plank ","1.5 ",49,"United States","Under Armour","Fashion & Retail "
1929,"Michael Polsky ","1.5 ",73,"United States","Electric power","Energy "
1929,"Mike Repole ","1.5 ",54,"United States","sports drink","Food & Beverage "
1929,"Fayez Sarofim ","1.5 ",93,"United States","money management","Finance & Investments "
1929,"Thomas Steyer ","1.5 ",64,"United States","hedge funds","Finance & Investments "
1929,"Kevin Systrom ","1.5 ",38,"United States","Instagram","Technology "
1929,"Jonathan Tisch ","1.5 ",68,"United States","insurance, NFL team","Diversified "
1929,"Wilma Tisch ","1.5 ",94,"United States","diversified","Finance & Investments "
1929,"Kenny Troutt ","1.5 ",74,"United States","telecom","Telecom "
2076,"Tope Awotona ","1.4 ",40,"United States","software","Technology "
2076,"Jim Crane ","1.4 ",68,"United States","logistics, baseball","Sports "
2076,"Thierry Cruanes ","1.4 ",54,"United States","software","Technology "
2076,"Benoit Dageville ","1.4 ",55,"United States","software","Technology "
2076,"Weili Dai ","1.4 ",60,"United States","semiconductors","Technology "
2076,"Darwin Deason ","1.4 ",81,"United States","software","Service "
2076,"William Foley, II. ","1.4 ",77,"United States","financial services★","Finance & Investments "
2076,"Maggie Hardy Knox ","1.4 ",56,"United States","building materials","Service "
2076,"Daniel Hirschfeld ","1.4 ",80,"United States","fashion retail","Fashion & Retail "
2076,"William Hockey ","1.4 ",32,"United States","fintech","Finance & Investments "
2076,"Jay-Z ","1.4 ",52,"United States","Multiple","Media & Entertainment "
2076,"Scott Kapnick ","1.4 ",63,"United States","private equity","Finance & Investments "
2076,"Gary Lauder ","1.4 ",59,"United States","Estée Lauder","Fashion & Retail "
2076,"Art Levinson ","1.4 ",72,"United States","Genentech, Apple","Diversified "
2076,"Jeffrey Lorberbaum ","1.4 ",67,"United States","flooring","Manufacturing "
2076,"Gary Magness ","1.4 ",68,"United States","cable TV, investments","Media & Entertainment "
2076,"Jerry Moyes & family ","1.4 ",78,"United States","transportation","Logistics "
2076,"Mark Pincus ","1.4 ",56,"United States","online games","Technology "
2076,"Matthew Roszak ","1.4 ",49,"United States","cryptocurrency","Finance & Investments "
2076,"Martin Selig ","1.4 ",84,"United States","real estate","Real Estate "
2076,"Ben Silbermann ","1.4 ",39,"United States","social media","Media & Entertainment "
2076,"Jared Smith ","1.4 ",47,"United States","cloud computing","Technology "
2076,"George Yancopoulos ","1.4 ",62,"United States","pharmaceuticals","Healthcare "
2190,"Anthony Casalena ","1.3 ",39,"United States","software","Technology "
2190,"Marvy Finger ","1.3 ",86,"United States","real estate","Real Estate "
2190,"Adam Foroughi ","1.3 ",41,"United States","mobile games","Media & Entertainment "
2190,"David Hoffmann ","1.3 ",69,"United States","executive search, investments","Diversified "
2190,"Mitchell Jacobson ","1.3 ",71,"United States","industrial equipment","Service "
2190,"Michael Krasny ","1.3 ",68,"United States","retail","Technology "
2190,"Frederic Luddy ","1.3 ",67,"United States","software","Technology "
2190,"Randal Nardone ","1.3 ",66,"United States","investments, energy","Finance & Investments "
2190,"John Ocampo ","1.3 ",63,"United States","semiconductors","Technology "
2190,"Forrest Preston ","1.3 ",89,"United States","health care","Healthcare "
2190,"Richard Saghian ","1.3 ",40,"United States","fast fashion","Fashion & Retail "
2190,"James Scapa ","1.3 ",65,"United States","software","Technology "
2190,"Paul Sciarra ","1.3 ",41,"United States","Pinterest","Media & Entertainment "
2190,"Sehat Sutardja ","1.3 ",60,"United States","semiconductors","Technology "
2190,"Jim Thompson ","1.3 ",82,"United States","logistics","Logistics "
2190,"August Troendle ","1.3 ",66,"United States","pharmaceutical services","Healthcare "
2190,"Alfred West, Jr. ","1.3 ",79,"United States","money management","Finance & Investments "
2190,"Dan Wilks ","1.3 ",65,"United States","natural gas","Energy "
2190,"Farris Wilks ","1.3 ",70,"United States","natural gas","Energy "
2190,"Tony Xu ","1.3 ",37,"United States","food delivery service","Technology "
2190,"Patrick Zalupski ","1.3 ",41,"United States","homebuilding","Real Estate "
2324,"Thomas Bailey ","1.2 ",85,"United States","money management","Finance & Investments "
2324,"Yvon Chouinard ","1.2 ",83,"United States","Patagonia","Fashion & Retail "
2324,"Tim Draper ","1.2 ",63,"United States","cryptocurrency","Finance & Investments "
2324,"Robert Fisher ","1.2 ",68,"United States","Gap","Fashion & Retail "
2324,"William Fisher ","1.2 ",65,"United States","Gap","Fashion & Retail "
2324,"J. Christopher Flowers ","1.2 ",64,"United States","investments","Finance & Investments "
2324,"David Girouard ","1.2 ",56,"United States","fintech","Finance & Investments "
2324,"John Goff ","1.2 ",67,"United States","real estate","Real Estate "
2324,"Lawrence Golub ","1.2 ",62,"United States","private equity","Finance & Investments "
2324,"Richard Hayne ","1.2 ",74,"United States","Urban Outfitters","Fashion & Retail "
2324,"John Krystynak ","1.2 ",53,"United States","mobile games","Media & Entertainment "
2324,"Todd McKinnon ","1.2 ",50,"United States","software","Technology "
2324,"George Pedersen ","1.2 ",86,"United States","defense contractor","Manufacturing "
2324,"Michael Price ","1.2 ",69,"United States","investments","Finance & Investments "
2324,"Leonid Radvinsky ","1.2 ",40,"United States","e-commerce","Technology "
2324,"Duke Reyes ","1.2 ",65,"United States","beer distribution","Food & Beverage "
2324,"Leonard Schleifer ","1.2 ",69,"United States","pharmaceuticals","Healthcare "
2324,"Michael Steinhardt ","1.2 ",81,"United States","hedge funds","Finance & Investments "
2324,"Stanley Tang ","1.2 ",29,"United States","food delivery app","Technology "
2324,"Laurie Tisch ","1.2 ",71,"United States","insurance, NFL team","Diversified "
2324,"Steven Tisch ","1.2 ",73,"United States","insurance","Diversified "
2324,"J. Wayne Weaver ","1.2 ",86,"United States","Shoes","Diversified "
2448,"A. Jayson Adair ","1.1 ",52,"United States","damaged cars","Automotive "
2448,"Sara Blakely ","1.1 ",51,"United States","Spanx","Fashion & Retail "
2448,"Lloyd Blankfein ","1.1 ",67,"United States","banking","Finance & Investments "
2448,"Richard Fairbank ","1.1 ",71,"United States","banking","Finance & Investments "
2448,"Andy Fang ","1.1 ",29,"United States","food delivery app","Technology "
2448,"Paul Fireman ","1.1 ",78,"United States","Reebok","Fashion & Retail "
2448,"Donald Friese ","1.1 ",81,"United States","manufacturing","Manufacturing "
2448,"David Golub ","1.1 ",59,"United States","private equity","Finance & Investments "
2448,"Andrew Karam ","1.1 ",40,"United States","mobile games","Media & Entertainment "
2448,"Alexander Karp ","1.1 ",54,"United States","software firm","Technology "
2448,"Nancy Lerner ","1.1 ",61,"United States","banking, credit cards","Finance & Investments "
2448,"Norma Lerner ","1.1 ",86,"United States","banking","Finance & Investments "
2448,"Randolph Lerner ","1.1 ",60,"United States","banking, credit cards","Finance & Investments "
2448,"Lou Boliang ","1.1 ",58,"United States","pharmaceuticals","Healthcare "
2448,"Jorge Mas ","1.1 ",59,"United States","Construction","Construction & Engineering "
2448,"Jeffrey Michael & family ","1.1 ",65,"United States","data management","Technology "
2448,"Bob Muglia ","1.1 ",62,"United States","software","Technology "
2448,"John Oyler ","1.1 ",54,"United States","biotech","Healthcare "
2448,"Michael S. Smith ","1.1 ",66,"United States","liquefied natural gas","Energy "
2448,"Scott Smith ","1.1 ",72,"United States","cloud computing","Technology "
2448,"Robert Toll ","1.1 ",81,"United States","home building","Real Estate "
2578,"Wilbur  'Ed' Bosarge, Jr. ","1 ",82,"United States","high speed trading","Finance & Investments "
2578,"Ronald Clarke ","1 ",66,"United States","payments technology","Technology "
2578,"Carl DeSantis ","1 ",82,"United States","energy drink","Food & Beverage "
2578,"Larry Fink ","1 ",69,"United States","money management","Finance & Investments "
